Word Pair,MI,Mean CosSim,MSE
Accomplished-Accomplished,3.3440441843062887,0.019600000232458115,0.0
Accomplished-Embarrassing,0.0,0.00559999980032444,1.7139675037469715e-05
Accomplished-Perseverance,0.023127362427128872,-0.00279999990016222,1.9447303202468902e-05
Accomplished-Significance,0.0,-0.019600000232458115,1.82777366717346e-05
Accomplished-Hypothetical,0.12129662351344628,-0.014000000432133675,1.9647730368888006e-05
Accomplished-Respectively,0.0,0.00279999990016222,1.8614433429320343e-05
Accomplished-Entrepreneur,0.07839442944174024,0.01679999940097332,1.7175589164253324e-05
Accomplished-Irrespective,0.018542657942281604,-0.014000000432133675,1.763536420185119e-05
Accomplished-Disappointed,3.3440441843062887,0.019600000232458115,0.0
Accomplished-Professional,0.12129662351344628,-0.014000000432133675,1.9647730368888006e-05
Accomplished-Circumstance,0.0,-0.019600000232458115,1.82777366717346e-05
Accomplished-Immaculately,0.0,0.00279999990016222,1.8614433429320343e-05
Accomplished-Confidential,0.12129662351344628,-0.014000000432133675,1.9647730368888006e-05
Accomplished-Unbelievable,0.11079958009926516,0.01119999960064888,1.5539957530563697e-05
Accomplished-Illustration,5.387368063436426e-05,0.01119999960064888,1.8069904399453662e-05
Accomplished-Satisfactory,0.0,0.00279999990016222,1.8614433429320343e-05
Accomplished-Disadvantage,0.0,-0.019600000232458115,1.82777366717346e-05
Accomplished-Organization,0.0882609929525402,0.014000000432133675,1.8180307961301878e-05
Accomplished-Psychologist,0.0,0.01679999940097332,1.6963469533948228e-05
Accomplished-Entertaining,0.0,0.00559999980032444,1.7139675037469715e-05
Accomplished-Refrigerator,0.0882609929525402,0.014000000432133675,1.8180307961301878e-05
Accomplished-Sanitization,0.0882609929525402,0.014000000432133675,1.8180307961301878e-05
Accomplished-Relationship,0.0,0.00279999990016222,1.533688191557303e-05
Accomplished-Considerable,0.12129662351344628,-0.014000000432133675,1.9647730368888006e-05
Accomplished-Investigator,0.028121532775403857,0.00279999990016222,2.0119230612181127e-05
Accomplished-Intimidating,0.0,0.00559999980032444,1.7139675037469715e-05
Accomplished-Registration,5.387368063436426e-05,0.01119999960064888,1.8069904399453662e-05
Accomplished-Sophisticate,0.0,-0.019600000232458115,1.82777366717346e-05
Accomplished-Subscription,5.387368063436426e-05,0.01119999960064888,1.8069904399453662e-05
Accomplished-Independence,0.023127362427128872,-0.00279999990016222,1.9447303202468902e-05
Accomplished-Satisfaction,5.387368063436426e-05,0.01119999960064888,1.8069904399453662e-05
Accomplished-Intelligence,0.023127362427128872,-0.00279999990016222,1.9447303202468902e-05
Accomplished-Requirements,0.06883774906032025,0.00559999980032444,1.9362772945896722e-05
Accomplished-Contribution,0.07839442944174024,0.01679999940097332,1.7175589164253324e-05
Embarrassing-Accomplished,0.0,0.00559999980032444,1.7139675037469715e-05
Embarrassing-Embarrassing,3.344044184306288,0.0015999999595806003,0.0
Embarrassing-Perseverance,0.0,-0.0007999999797903001,2.0500257960520685e-05
Embarrassing-Significance,0.025259454180258878,-0.00559999980032444,1.7984211808652617e-05
Embarrassing-Hypothetical,0.02849989646376372,-0.004000000189989805,2.174853580072522e-05
Embarrassing-Respectively,0.04562530412492105,0.0007999999797903001,1.6272389984806068e-05
Embarrassing-Entrepreneur,0.0,0.004800000227987766,1.5770618119859137e-05
Embarrassing-Irrespective,0.0,-0.004000000189989805,1.4694415767735336e-05
Embarrassing-Disappointed,0.0,0.00559999980032444,1.7139675037469715e-05
Embarrassing-Professional,0.02849989646376372,-0.004000000189989805,2.174853580072522e-05
Embarrassing-Circumstance,0.025259454180258878,-0.00559999980032444,1.7984211808652617e-05
Embarrassing-Immaculately,0.04562530412492105,0.0007999999797903001,1.6272389984806068e-05
Embarrassing-Confidential,0.02849989646376372,-0.004000000189989805,2.174853580072522e-05
Embarrassing-Unbelievable,0.0,0.0031999999191612005,1.1973144864896312e-05
Embarrassing-Illustration,0.043647191351310344,0.0031999999191612005,1.9915252778446302e-05
Embarrassing-Satisfactory,0.04562530412492105,0.0007999999797903001,1.6272389984806068e-05
Embarrassing-Disadvantage,0.025259454180258878,-0.00559999980032444,1.7984211808652617e-05
Embarrassing-Organization,0.0,0.004000000189989805,1.4822047887719236e-05
Embarrassing-Psychologist,0.0954608990223802,0.004800000227987766,1.826647530833725e-05
Embarrassing-Entertaining,3.344044184306288,0.0015999999595806003,0.0
Embarrassing-Refrigerator,0.0,0.004000000189989805,1.4822047887719236e-05
Embarrassing-Sanitization,0.0,0.004000000189989805,1.4822047887719236e-05
Embarrassing-Relationship,0.08564563864646324,0.0007999999797903001,2.0583520381478593e-05
Embarrassing-Considerable,0.02849989646376372,-0.004000000189989805,2.174853580072522e-05
Embarrassing-Investigator,0.054008639168833916,0.0007999999797903001,1.9985851395176724e-05
Embarrassing-Intimidating,3.3440441843062882,0.0015999999595806003,0.0
Embarrassing-Registration,0.043647191351310344,0.0031999999191612005,1.9915252778446302e-05
Embarrassing-Sophisticate,0.025259454180258878,-0.00559999980032444,1.7984211808652617e-05
Embarrassing-Subscription,0.043647191351310344,0.0031999999191612005,1.9915252778446302e-05
Embarrassing-Independence,0.0,-0.0007999999797903001,2.0500257960520685e-05
Embarrassing-Satisfaction,0.043647191351310344,0.0031999999191612005,1.9915252778446302e-05
Embarrassing-Intelligence,0.0,-0.0007999999797903001,2.0500257960520685e-05
Embarrassing-Requirements,0.10989912482021147,0.0015999999595806003,1.93692249013111e-05
Embarrassing-Contribution,0.0,0.004800000227987766,1.5770618119859137e-05
Perseverance-Accomplished,0.023127362427128872,-0.00279999990016222,1.9447303202468902e-05
Perseverance-Embarrassing,0.0,-0.0007999999797903001,2.0500257960520685e-05
Perseverance-Perseverance,3.344044184306288,0.00039999998989515007,0.0
Perseverance-Significance,0.0,0.00279999990016222,1.7479345842730254e-05
Perseverance-Hypothetical,0.04695757412909041,0.0020000000949949026,2.0960886104148813e-05
Perseverance-Respectively,0.08933629072847182,-0.00039999998989515007,1.6992195014609024e-05
Perseverance-Entrepreneur,0.0,-0.002400000113993883,1.7226579075213522e-05
Perseverance-Irrespective,0.0,0.0020000000949949026,2.0624926037271507e-05
Perseverance-Disappointed,0.023127362427128872,-0.00279999990016222,1.9447303202468902e-05
Perseverance-Professional,0.04695757412909041,0.0020000000949949026,2.0960886104148813e-05
Perseverance-Circumstance,0.0,0.00279999990016222,1.7479345842730254e-05
Perseverance-Immaculately,0.08933629072847182,-0.00039999998989515007,1.6992195014609024e-05
Perseverance-Confidential,0.04695757412909041,0.0020000000949949026,2.0960886104148813e-05
Perseverance-Unbelievable,0.058672977431088125,-0.0015999999595806003,1.8571230611996725e-05
Perseverance-Illustration,0.04004805181708315,-0.0015999999595806003,1.731384327285923e-05
Perseverance-Satisfactory,0.08933629072847182,-0.00039999998989515007,1.6992195014609024e-05
Perseverance-Disadvantage,0.0,0.00279999990016222,1.7479345842730254e-05
Perseverance-Organization,0.0,-0.0020000000949949026,1.789912857930176e-05
Perseverance-Psychologist,0.0,-0.002400000113993883,1.8680970242712647e-05
Perseverance-Entertaining,0.0,-0.0007999999797903001,2.0500257960520685e-05
Perseverance-Refrigerator,0.0,-0.0020000000949949026,1.789912857930176e-05
Perseverance-Sanitization,0.0,-0.0020000000949949026,1.789912857930176e-05
Perseverance-Relationship,0.0,-0.00039999998989515007,1.861126656876877e-05
Perseverance-Considerable,0.04695757412909041,0.0020000000949949026,2.0960886104148813e-05
Perseverance-Investigator,0.10953010580151634,-0.00039999998989515007,1.7747830497683026e-05
Perseverance-Intimidating,0.0,-0.0007999999797903001,2.0500257960520685e-05
Perseverance-Registration,0.04004805181708315,-0.0015999999595806003,1.731384327285923e-05
Perseverance-Sophisticate,0.0,0.00279999990016222,1.7479345842730254e-05
Perseverance-Subscription,0.04004805181708315,-0.0015999999595806003,1.731384327285923e-05
Perseverance-Independence,3.3440441843062882,0.00039999998989515007,0.0
Perseverance-Satisfaction,0.04004805181708315,-0.0015999999595806003,1.731384327285923e-05
Perseverance-Intelligence,3.344044184306288,0.00039999998989515007,0.0
Perseverance-Requirements,0.0,-0.0007999999797903001,1.9664321371237747e-05
Perseverance-Contribution,0.0,-0.002400000113993883,1.7226579075213522e-05
Significance-Accomplished,0.0,-0.019600000232458115,1.82777366717346e-05
Significance-Embarrassing,0.025259454180258878,-0.00559999980032444,1.7984211808652617e-05
Significance-Perseverance,0.0,0.00279999990016222,1.7479345842730254e-05
Significance-Significance,3.3440441843062887,0.019600000232458115,0.0
Significance-Hypothetical,0.0,0.014000000432133675,1.5792056728969328e-05
Significance-Respectively,0.08737214645175184,-0.00279999990016222,1.5642550351913087e-05
Significance-Entrepreneur,0.14498641937066648,-0.01679999940097332,1.694029378995765e-05
Significance-Irrespective,0.008730944077850467,0.014000000432133675,1.4171313523547724e-05
Significance-Disappointed,0.0,-0.019600000232458115,1.82777366717346e-05
Significance-Professional,0.0,0.014000000432133675,1.5792056728969328e-05
Significance-Circumstance,3.344044184306288,0.019600000232458115,0.0
Significance-Immaculately,0.08737214645175184,-0.00279999990016222,1.5642550351913087e-05
Significance-Confidential,0.0,0.014000000432133675,1.5792056728969328e-05
Significance-Unbelievable,0.0,-0.01119999960064888,1.7456637579016387e-05
Significance-Illustration,0.020971314641694327,-0.01119999960064888,1.5707950296928175e-05
Significance-Satisfactory,0.08737214645175184,-0.00279999990016222,1.5642550351913087e-05
Significance-Disadvantage,3.3440441843062882,0.019600000232458115,0.0
Significance-Organization,0.0,-0.014000000432133675,1.8423716028337367e-05
Significance-Psychologist,0.0052503326360442415,-0.01679999940097332,1.7717544324113987e-05
Significance-Entertaining,0.025259454180258878,-0.00559999980032444,1.7984211808652617e-05
Significance-Refrigerator,0.0,-0.014000000432133675,1.8423716028337367e-05
Significance-Sanitization,0.0,-0.014000000432133675,1.8423716028337367e-05
Significance-Relationship,0.0,-0.00279999990016222,1.9501778297126293e-05
Significance-Considerable,0.0,0.014000000432133675,1.5792056728969328e-05
Significance-Investigator,0.0,-0.00279999990016222,1.788796180335339e-05
Significance-Intimidating,0.025259454180258878,-0.00559999980032444,1.7984211808652617e-05
Significance-Registration,0.020971314641694327,-0.01119999960064888,1.5707950296928175e-05
Significance-Sophisticate,3.3440441843062882,0.019600000232458115,0.0
Significance-Subscription,0.020971314641694327,-0.01119999960064888,1.5707950296928175e-05
Significance-Independence,0.0,0.00279999990016222,1.7479345842730254e-05
Significance-Satisfaction,0.020971314641694327,-0.01119999960064888,1.5707950296928175e-05
Significance-Intelligence,0.0,0.00279999990016222,1.7479345842730254e-05
Significance-Requirements,0.0700452485208869,-0.00559999980032444,1.935162435984239e-05
Significance-Contribution,0.14498641937066648,-0.01679999940097332,1.694029378995765e-05
Hypothetical-Accomplished,0.12129662351344628,-0.014000000432133675,1.9647730368888006e-05
Hypothetical-Embarrassing,0.02849989646376372,-0.004000000189989805,2.174853580072522e-05
Hypothetical-Perseverance,0.04695757412909041,0.0020000000949949026,2.0960886104148813e-05
Hypothetical-Significance,0.0,0.014000000432133675,1.5792056728969328e-05
Hypothetical-Hypothetical,3.3440441843062887,0.009999999776482582,0.0
Hypothetical-Respectively,0.0,-0.0020000000949949026,1.8126005670637824e-05
Hypothetical-Entrepreneur,0.0,-0.012000000104308128,1.8078586435876787e-05
Hypothetical-Irrespective,0.06441962882456043,0.009999999776482582,1.3750973266724031e-05
Hypothetical-Disappointed,0.12129662351344628,-0.014000000432133675,1.9647730368888006e-05
Hypothetical-Professional,3.3440441843062887,0.009999999776482582,0.0
Hypothetical-Circumstance,0.0,0.014000000432133675,1.5792056728969328e-05
Hypothetical-Immaculately,0.0,-0.0020000000949949026,1.8126005670637824e-05
Hypothetical-Confidential,3.344044184306288,0.009999999776482582,0.0
Hypothetical-Unbelievable,0.11846435777666864,-0.00800000037997961,1.7840982764028013e-05
Hypothetical-Illustration,0.0,-0.00800000037997961,1.5194827028608415e-05
Hypothetical-Satisfactory,0.0,-0.0020000000949949026,1.8126005670637824e-05
Hypothetical-Disadvantage,0.0,0.014000000432133675,1.5792056728969328e-05
Hypothetical-Organization,0.0,-0.009999999776482582,1.8223048755316995e-05
Hypothetical-Psychologist,0.06055865387874659,-0.012000000104308128,1.5222495676425751e-05
Hypothetical-Entertaining,0.02849989646376372,-0.004000000189989805,2.174853580072522e-05
Hypothetical-Refrigerator,0.0,-0.009999999776482582,1.8223048755316995e-05
Hypothetical-Sanitization,0.0,-0.009999999776482582,1.8223048755316995e-05
Hypothetical-Relationship,0.03054976045815261,-0.0020000000949949026,1.527302447357215e-05
Hypothetical-Considerable,3.344044184306288,0.009999999776482582,0.0
Hypothetical-Investigator,0.0,-0.0020000000949949026,1.583863195264712e-05
Hypothetical-Intimidating,0.02849989646376372,-0.004000000189989805,2.174853580072522e-05
Hypothetical-Registration,0.0,-0.00800000037997961,1.5194827028608415e-05
Hypothetical-Sophisticate,0.0,0.014000000432133675,1.5792056728969328e-05
Hypothetical-Subscription,0.0,-0.00800000037997961,1.5194827028608415e-05
Hypothetical-Independence,0.04695757412909041,0.0020000000949949026,2.0960886104148813e-05
Hypothetical-Satisfaction,0.0,-0.00800000037997961,1.5194827028608415e-05
Hypothetical-Intelligence,0.04695757412909041,0.0020000000949949026,2.0960886104148813e-05
Hypothetical-Requirements,0.07386229437569547,-0.004000000189989805,1.896536923595704e-05
Hypothetical-Contribution,0.0,-0.012000000104308128,1.8078586435876787e-05
Respectively-Accomplished,0.0,0.00279999990016222,1.8614433429320343e-05
Respectively-Embarrassing,0.04562530412492105,0.0007999999797903001,1.6272389984806068e-05
Respectively-Perseverance,0.08933629072847182,-0.00039999998989515007,1.6992195014609024e-05
Respectively-Significance,0.08737214645175184,-0.00279999990016222,1.5642550351913087e-05
Respectively-Hypothetical,0.0,-0.0020000000949949026,1.8126005670637824e-05
Respectively-Respectively,3.344044184306288,0.00039999998989515007,0.0
Respectively-Entrepreneur,0.07647323922083338,0.002400000113993883,1.632055500522256e-05
Respectively-Irrespective,0.0,-0.0020000000949949026,1.4875774468237069e-05
Respectively-Disappointed,0.0,0.00279999990016222,1.8614433429320343e-05
Respectively-Professional,0.0,-0.0020000000949949026,1.8126005670637824e-05
Respectively-Circumstance,0.08737214645175184,-0.00279999990016222,1.5642550351913087e-05
Respectively-Immaculately,3.344044184306288,0.00039999998989515007,0.0
Respectively-Confidential,0.0,-0.0020000000949949026,1.8126005670637824e-05
Respectively-Unbelievable,0.0,0.0015999999595806003,1.526726373413112e-05
Respectively-Illustration,0.0699417592108551,0.0015999999595806003,1.8322154573979788e-05
Respectively-Satisfactory,3.3440441843062887,0.00039999998989515007,0.0
Respectively-Disadvantage,0.08737214645175184,-0.00279999990016222,1.5642550351913087e-05
Respectively-Organization,0.05531882629142837,0.0020000000949949026,1.5171635823207907e-05
Respectively-Psychologist,0.021170869419885996,0.002400000113993883,1.8927965356851928e-05
Respectively-Entertaining,0.04562530412492105,0.0007999999797903001,1.6272389984806068e-05
Respectively-Refrigerator,0.05531882629142837,0.0020000000949949026,1.5171635823207907e-05
Respectively-Sanitization,0.05531882629142837,0.0020000000949949026,1.5171635823207907e-05
Respectively-Relationship,0.0006635508689818437,0.00039999998989515007,1.4897011169523466e-05
Respectively-Considerable,0.0,-0.0020000000949949026,1.8126005670637824e-05
Respectively-Investigator,0.0,0.00039999998989515007,1.9059601982007734e-05
Respectively-Intimidating,0.04562530412492105,0.0007999999797903001,1.6272389984806068e-05
Respectively-Registration,0.0699417592108551,0.0015999999595806003,1.8322154573979788e-05
Respectively-Sophisticate,0.08737214645175184,-0.00279999990016222,1.5642550351913087e-05
Respectively-Subscription,0.0699417592108551,0.0015999999595806003,1.8322154573979788e-05
Respectively-Independence,0.08933629072847182,-0.00039999998989515007,1.6992195014609024e-05
Respectively-Satisfaction,0.0699417592108551,0.0015999999595806003,1.8322154573979788e-05
Respectively-Intelligence,0.08933629072847182,-0.00039999998989515007,1.6992195014609024e-05
Respectively-Requirements,0.0,0.0007999999797903001,1.758599501044955e-05
Respectively-Contribution,0.07647323922083338,0.002400000113993883,1.632055500522256e-05
Entrepreneur-Accomplished,0.07839442944174024,0.01679999940097332,1.7175589164253324e-05
Entrepreneur-Embarrassing,0.0,0.004800000227987766,1.5770618119859137e-05
Entrepreneur-Perseverance,0.0,-0.002400000113993883,1.7226579075213522e-05
Entrepreneur-Significance,0.14498641937066648,-0.01679999940097332,1.694029378995765e-05
Entrepreneur-Hypothetical,0.0,-0.012000000104308128,1.8078586435876787e-05
Entrepreneur-Respectively,0.07647323922083338,0.002400000113993883,1.632055500522256e-05
Entrepreneur-Entrepreneur,3.344044184306288,0.014399999752640724,0.0
Entrepreneur-Irrespective,0.002183531402178307,-0.012000000104308128,1.5778676242916845e-05
Entrepreneur-Disappointed,0.07839442944174024,0.01679999940097332,1.7175589164253324e-05
Entrepreneur-Professional,0.0,-0.012000000104308128,1.8078586435876787e-05
Entrepreneur-Circumstance,0.14498641937066648,-0.01679999940097332,1.694029378995765e-05
Entrepreneur-Immaculately,0.07647323922083338,0.002400000113993883,1.632055500522256e-05
Entrepreneur-Confidential,0.0,-0.012000000104308128,1.8078586435876787e-05
Entrepreneur-Unbelievable,0.06891768852957325,0.009600000455975533,1.589671228430234e-05
Entrepreneur-Illustration,0.03626405335563909,0.009600000455975533,1.6958836567937396e-05
Entrepreneur-Satisfactory,0.07647323922083338,0.002400000113993883,1.632055500522256e-05
Entrepreneur-Disadvantage,0.14498641937066648,-0.01679999940097332,1.694029378995765e-05
Entrepreneur-Organization,0.0,0.012000000104308128,1.870696542027872e-05
Entrepreneur-Psychologist,0.0,0.014399999752640724,1.597913433215581e-05
Entrepreneur-Entertaining,0.0,0.004800000227987766,1.5770618119859137e-05
Entrepreneur-Refrigerator,0.0,0.012000000104308128,1.870696542027872e-05
Entrepreneur-Sanitization,0.0,0.012000000104308128,1.870696542027872e-05
Entrepreneur-Relationship,0.04265512125064985,0.002400000113993883,1.9498720575938933e-05
Entrepreneur-Considerable,0.0,-0.012000000104308128,1.8078586435876787e-05
Entrepreneur-Investigator,0.07167863368956784,0.002400000113993883,1.783489642548375e-05
Entrepreneur-Intimidating,0.0,0.004800000227987766,1.5770618119859137e-05
Entrepreneur-Registration,0.03626405335563909,0.009600000455975533,1.6958836567937396e-05
Entrepreneur-Sophisticate,0.14498641937066648,-0.01679999940097332,1.694029378995765e-05
Entrepreneur-Subscription,0.03626405335563909,0.009600000455975533,1.6958836567937396e-05
Entrepreneur-Independence,0.0,-0.002400000113993883,1.7226579075213522e-05
Entrepreneur-Satisfaction,0.03626405335563909,0.009600000455975533,1.6958836567937396e-05
Entrepreneur-Intelligence,0.0,-0.002400000113993883,1.7226579075213522e-05
Entrepreneur-Requirements,0.023918368049406613,0.004800000227987766,1.926855111378245e-05
Entrepreneur-Contribution,3.344044184306288,0.014399999752640724,0.0
Irrespective-Accomplished,0.018542657942281604,-0.014000000432133675,1.763536420185119e-05
Irrespective-Embarrassing,0.0,-0.004000000189989805,1.4694415767735336e-05
Irrespective-Perseverance,0.0,0.0020000000949949026,2.0624926037271507e-05
Irrespective-Significance,0.008730944077850467,0.014000000432133675,1.4171313523547724e-05
Irrespective-Hypothetical,0.06441962882456043,0.009999999776482582,1.3750973266724031e-05
Irrespective-Respectively,0.0,-0.0020000000949949026,1.4875774468237069e-05
Irrespective-Entrepreneur,0.002183531402178307,-0.012000000104308128,1.5778676242916845e-05
Irrespective-Irrespective,3.344044184306288,0.009999999776482582,0.0
Irrespective-Disappointed,0.018542657942281604,-0.014000000432133675,1.763536420185119e-05
Irrespective-Professional,0.06441962882456043,0.009999999776482582,1.3750973266724031e-05
Irrespective-Circumstance,0.008730944077850467,0.014000000432133675,1.4171313523547724e-05
Irrespective-Immaculately,0.0,-0.0020000000949949026,1.4875774468237069e-05
Irrespective-Confidential,0.06441962882456043,0.009999999776482582,1.3750973266724031e-05
Irrespective-Unbelievable,0.01436902114947447,-0.00800000037997961,1.515782241767738e-05
Irrespective-Illustration,0.0,-0.00800000037997961,1.6839134332258254e-05
Irrespective-Satisfactory,0.0,-0.0020000000949949026,1.4875774468237069e-05
Irrespective-Disadvantage,0.008730944077850467,0.014000000432133675,1.4171313523547724e-05
Irrespective-Organization,0.0,-0.009999999776482582,1.5926660125842318e-05
Irrespective-Psychologist,0.040226488932203264,-0.012000000104308128,1.4356396604853217e-05
Irrespective-Entertaining,0.0,-0.004000000189989805,1.4694415767735336e-05
Irrespective-Refrigerator,0.0,-0.009999999776482582,1.5926660125842318e-05
Irrespective-Sanitization,0.0,-0.009999999776482582,1.5926660125842318e-05
Irrespective-Relationship,0.05390673463669238,-0.0020000000949949026,1.7168709746329114e-05
Irrespective-Considerable,0.06441962882456043,0.009999999776482582,1.3750973266724031e-05
Irrespective-Investigator,0.0,-0.0020000000949949026,1.5878013073233888e-05
Irrespective-Intimidating,0.0,-0.004000000189989805,1.4694415767735336e-05
Irrespective-Registration,0.0,-0.00800000037997961,1.6839134332258254e-05
Irrespective-Sophisticate,0.008730944077850467,0.014000000432133675,1.4171313523547724e-05
Irrespective-Subscription,0.0,-0.00800000037997961,1.6839134332258254e-05
Irrespective-Independence,0.0,0.0020000000949949026,2.0624926037271507e-05
Irrespective-Satisfaction,0.0,-0.00800000037997961,1.6839134332258254e-05
Irrespective-Intelligence,0.0,0.0020000000949949026,2.0624926037271507e-05
Irrespective-Requirements,0.1386516666800497,-0.004000000189989805,1.9315080862725154e-05
Irrespective-Contribution,0.002183531402178307,-0.012000000104308128,1.5778676242916845e-05
Disappointed-Accomplished,3.344044184306288,0.019600000232458115,0.0
Disappointed-Embarrassing,0.0,0.00559999980032444,1.7139675037469715e-05
Disappointed-Perseverance,0.023127362427128872,-0.00279999990016222,1.9447303202468902e-05
Disappointed-Significance,0.0,-0.019600000232458115,1.82777366717346e-05
Disappointed-Hypothetical,0.12129662351344628,-0.014000000432133675,1.9647730368888006e-05
Disappointed-Respectively,0.0,0.00279999990016222,1.8614433429320343e-05
Disappointed-Entrepreneur,0.07839442944174024,0.01679999940097332,1.7175589164253324e-05
Disappointed-Irrespective,0.018542657942281604,-0.014000000432133675,1.763536420185119e-05
Disappointed-Disappointed,3.3440441843062882,0.019600000232458115,0.0
Disappointed-Professional,0.12129662351344628,-0.014000000432133675,1.9647730368888006e-05
Disappointed-Circumstance,0.0,-0.019600000232458115,1.82777366717346e-05
Disappointed-Immaculately,0.0,0.00279999990016222,1.8614433429320343e-05
Disappointed-Confidential,0.12129662351344628,-0.014000000432133675,1.9647730368888006e-05
Disappointed-Unbelievable,0.11079958009926516,0.01119999960064888,1.5539957530563697e-05
Disappointed-Illustration,5.387368063436426e-05,0.01119999960064888,1.8069904399453662e-05
Disappointed-Satisfactory,0.0,0.00279999990016222,1.8614433429320343e-05
Disappointed-Disadvantage,0.0,-0.019600000232458115,1.82777366717346e-05
Disappointed-Organization,0.0882609929525402,0.014000000432133675,1.8180307961301878e-05
Disappointed-Psychologist,0.0,0.01679999940097332,1.6963469533948228e-05
Disappointed-Entertaining,0.0,0.00559999980032444,1.7139675037469715e-05
Disappointed-Refrigerator,0.0882609929525402,0.014000000432133675,1.8180307961301878e-05
Disappointed-Sanitization,0.0882609929525402,0.014000000432133675,1.8180307961301878e-05
Disappointed-Relationship,0.0,0.00279999990016222,1.533688191557303e-05
Disappointed-Considerable,0.12129662351344628,-0.014000000432133675,1.9647730368888006e-05
Disappointed-Investigator,0.028121532775403857,0.00279999990016222,2.0119230612181127e-05
Disappointed-Intimidating,0.0,0.00559999980032444,1.7139675037469715e-05
Disappointed-Registration,5.387368063436426e-05,0.01119999960064888,1.8069904399453662e-05
Disappointed-Sophisticate,0.0,-0.019600000232458115,1.82777366717346e-05
Disappointed-Subscription,5.387368063436426e-05,0.01119999960064888,1.8069904399453662e-05
Disappointed-Independence,0.023127362427128872,-0.00279999990016222,1.9447303202468902e-05
Disappointed-Satisfaction,5.387368063436426e-05,0.01119999960064888,1.8069904399453662e-05
Disappointed-Intelligence,0.023127362427128872,-0.00279999990016222,1.9447303202468902e-05
Disappointed-Requirements,0.06883774906032025,0.00559999980032444,1.9362772945896722e-05
Disappointed-Contribution,0.07839442944174024,0.01679999940097332,1.7175589164253324e-05
Professional-Accomplished,0.12129662351344628,-0.014000000432133675,1.9647730368888006e-05
Professional-Embarrassing,0.02849989646376372,-0.004000000189989805,2.174853580072522e-05
Professional-Perseverance,0.04695757412909041,0.0020000000949949026,2.0960886104148813e-05
Professional-Significance,0.0,0.014000000432133675,1.5792056728969328e-05
Professional-Hypothetical,3.344044184306288,0.009999999776482582,0.0
Professional-Respectively,0.0,-0.0020000000949949026,1.8126005670637824e-05
Professional-Entrepreneur,0.0,-0.012000000104308128,1.8078586435876787e-05
Professional-Irrespective,0.06441962882456043,0.009999999776482582,1.3750973266724031e-05
Professional-Disappointed,0.12129662351344628,-0.014000000432133675,1.9647730368888006e-05
Professional-Professional,3.344044184306288,0.009999999776482582,0.0
Professional-Circumstance,0.0,0.014000000432133675,1.5792056728969328e-05
Professional-Immaculately,0.0,-0.0020000000949949026,1.8126005670637824e-05
Professional-Confidential,3.344044184306288,0.009999999776482582,0.0
Professional-Unbelievable,0.11846435777666864,-0.00800000037997961,1.7840982764028013e-05
Professional-Illustration,0.0,-0.00800000037997961,1.5194827028608415e-05
Professional-Satisfactory,0.0,-0.0020000000949949026,1.8126005670637824e-05
Professional-Disadvantage,0.0,0.014000000432133675,1.5792056728969328e-05
Professional-Organization,0.0,-0.009999999776482582,1.8223048755316995e-05
Professional-Psychologist,0.06055865387874659,-0.012000000104308128,1.5222495676425751e-05
Professional-Entertaining,0.02849989646376372,-0.004000000189989805,2.174853580072522e-05
Professional-Refrigerator,0.0,-0.009999999776482582,1.8223048755316995e-05
Professional-Sanitization,0.0,-0.009999999776482582,1.8223048755316995e-05
Professional-Relationship,0.03054976045815261,-0.0020000000949949026,1.527302447357215e-05
Professional-Considerable,3.344044184306288,0.009999999776482582,0.0
Professional-Investigator,0.0,-0.0020000000949949026,1.583863195264712e-05
Professional-Intimidating,0.02849989646376372,-0.004000000189989805,2.174853580072522e-05
Professional-Registration,0.0,-0.00800000037997961,1.5194827028608415e-05
Professional-Sophisticate,0.0,0.014000000432133675,1.5792056728969328e-05
Professional-Subscription,0.0,-0.00800000037997961,1.5194827028608415e-05
Professional-Independence,0.04695757412909041,0.0020000000949949026,2.0960886104148813e-05
Professional-Satisfaction,0.0,-0.00800000037997961,1.5194827028608415e-05
Professional-Intelligence,0.04695757412909041,0.0020000000949949026,2.0960886104148813e-05
Professional-Requirements,0.07386229437569547,-0.004000000189989805,1.896536923595704e-05
Professional-Contribution,0.0,-0.012000000104308128,1.8078586435876787e-05
Circumstance-Accomplished,0.0,-0.019600000232458115,1.82777366717346e-05
Circumstance-Embarrassing,0.025259454180258878,-0.00559999980032444,1.7984211808652617e-05
Circumstance-Perseverance,0.0,0.00279999990016222,1.7479345842730254e-05
Circumstance-Significance,3.344044184306288,0.019600000232458115,0.0
Circumstance-Hypothetical,0.0,0.014000000432133675,1.5792056728969328e-05
Circumstance-Respectively,0.08737214645175184,-0.00279999990016222,1.5642550351913087e-05
Circumstance-Entrepreneur,0.14498641937066648,-0.01679999940097332,1.694029378995765e-05
Circumstance-Irrespective,0.008730944077850467,0.014000000432133675,1.4171313523547724e-05
Circumstance-Disappointed,0.0,-0.019600000232458115,1.82777366717346e-05
Circumstance-Professional,0.0,0.014000000432133675,1.5792056728969328e-05
Circumstance-Circumstance,3.3440441843062887,0.019600000232458115,0.0
Circumstance-Immaculately,0.08737214645175184,-0.00279999990016222,1.5642550351913087e-05
Circumstance-Confidential,0.0,0.014000000432133675,1.5792056728969328e-05
Circumstance-Unbelievable,0.0,-0.01119999960064888,1.7456637579016387e-05
Circumstance-Illustration,0.020971314641694327,-0.01119999960064888,1.5707950296928175e-05
Circumstance-Satisfactory,0.08737214645175184,-0.00279999990016222,1.5642550351913087e-05
Circumstance-Disadvantage,3.344044184306288,0.019600000232458115,0.0
Circumstance-Organization,0.0,-0.014000000432133675,1.8423716028337367e-05
Circumstance-Psychologist,0.0052503326360442415,-0.01679999940097332,1.7717544324113987e-05
Circumstance-Entertaining,0.025259454180258878,-0.00559999980032444,1.7984211808652617e-05
Circumstance-Refrigerator,0.0,-0.014000000432133675,1.8423716028337367e-05
Circumstance-Sanitization,0.0,-0.014000000432133675,1.8423716028337367e-05
Circumstance-Relationship,0.0,-0.00279999990016222,1.9501778297126293e-05
Circumstance-Considerable,0.0,0.014000000432133675,1.5792056728969328e-05
Circumstance-Investigator,0.0,-0.00279999990016222,1.788796180335339e-05
Circumstance-Intimidating,0.025259454180258878,-0.00559999980032444,1.7984211808652617e-05
Circumstance-Registration,0.020971314641694327,-0.01119999960064888,1.5707950296928175e-05
Circumstance-Sophisticate,3.344044184306288,0.019600000232458115,0.0
Circumstance-Subscription,0.020971314641694327,-0.01119999960064888,1.5707950296928175e-05
Circumstance-Independence,0.0,0.00279999990016222,1.7479345842730254e-05
Circumstance-Satisfaction,0.020971314641694327,-0.01119999960064888,1.5707950296928175e-05
Circumstance-Intelligence,0.0,0.00279999990016222,1.7479345842730254e-05
Circumstance-Requirements,0.0700452485208869,-0.00559999980032444,1.935162435984239e-05
Circumstance-Contribution,0.14498641937066648,-0.01679999940097332,1.694029378995765e-05
Immaculately-Accomplished,0.0,0.00279999990016222,1.8614433429320343e-05
Immaculately-Embarrassing,0.04562530412492105,0.0007999999797903001,1.6272389984806068e-05
Immaculately-Perseverance,0.08933629072847182,-0.00039999998989515007,1.6992195014609024e-05
Immaculately-Significance,0.08737214645175184,-0.00279999990016222,1.5642550351913087e-05
Immaculately-Hypothetical,0.0,-0.0020000000949949026,1.8126005670637824e-05
Immaculately-Respectively,3.3440441843062887,0.00039999998989515007,0.0
Immaculately-Entrepreneur,0.07647323922083338,0.002400000113993883,1.632055500522256e-05
Immaculately-Irrespective,0.0,-0.0020000000949949026,1.4875774468237069e-05
Immaculately-Disappointed,0.0,0.00279999990016222,1.8614433429320343e-05
Immaculately-Professional,0.0,-0.0020000000949949026,1.8126005670637824e-05
Immaculately-Circumstance,0.08737214645175184,-0.00279999990016222,1.5642550351913087e-05
Immaculately-Immaculately,3.344044184306288,0.00039999998989515007,0.0
Immaculately-Confidential,0.0,-0.0020000000949949026,1.8126005670637824e-05
Immaculately-Unbelievable,0.0,0.0015999999595806003,1.526726373413112e-05
Immaculately-Illustration,0.0699417592108551,0.0015999999595806003,1.8322154573979788e-05
Immaculately-Satisfactory,3.3440441843062887,0.00039999998989515007,0.0
Immaculately-Disadvantage,0.08737214645175184,-0.00279999990016222,1.5642550351913087e-05
Immaculately-Organization,0.05531882629142837,0.0020000000949949026,1.5171635823207907e-05
Immaculately-Psychologist,0.021170869419885996,0.002400000113993883,1.8927965356851928e-05
Immaculately-Entertaining,0.04562530412492105,0.0007999999797903001,1.6272389984806068e-05
Immaculately-Refrigerator,0.05531882629142837,0.0020000000949949026,1.5171635823207907e-05
Immaculately-Sanitization,0.05531882629142837,0.0020000000949949026,1.5171635823207907e-05
Immaculately-Relationship,0.0006635508689818437,0.00039999998989515007,1.4897011169523466e-05
Immaculately-Considerable,0.0,-0.0020000000949949026,1.8126005670637824e-05
Immaculately-Investigator,0.0,0.00039999998989515007,1.9059601982007734e-05
Immaculately-Intimidating,0.04562530412492105,0.0007999999797903001,1.6272389984806068e-05
Immaculately-Registration,0.0699417592108551,0.0015999999595806003,1.8322154573979788e-05
Immaculately-Sophisticate,0.08737214645175184,-0.00279999990016222,1.5642550351913087e-05
Immaculately-Subscription,0.0699417592108551,0.0015999999595806003,1.8322154573979788e-05
Immaculately-Independence,0.08933629072847182,-0.00039999998989515007,1.6992195014609024e-05
Immaculately-Satisfaction,0.0699417592108551,0.0015999999595806003,1.8322154573979788e-05
Immaculately-Intelligence,0.08933629072847182,-0.00039999998989515007,1.6992195014609024e-05
Immaculately-Requirements,0.0,0.0007999999797903001,1.758599501044955e-05
Immaculately-Contribution,0.07647323922083338,0.002400000113993883,1.632055500522256e-05
Confidential-Accomplished,0.12129662351344628,-0.014000000432133675,1.9647730368888006e-05
Confidential-Embarrassing,0.02849989646376372,-0.004000000189989805,2.174853580072522e-05
Confidential-Perseverance,0.04695757412909041,0.0020000000949949026,2.0960886104148813e-05
Confidential-Significance,0.0,0.014000000432133675,1.5792056728969328e-05
Confidential-Hypothetical,3.3440441843062887,0.009999999776482582,0.0
Confidential-Respectively,0.0,-0.0020000000949949026,1.8126005670637824e-05
Confidential-Entrepreneur,0.0,-0.012000000104308128,1.8078586435876787e-05
Confidential-Irrespective,0.06441962882456043,0.009999999776482582,1.3750973266724031e-05
Confidential-Disappointed,0.12129662351344628,-0.014000000432133675,1.9647730368888006e-05
Confidential-Professional,3.344044184306288,0.009999999776482582,0.0
Confidential-Circumstance,0.0,0.014000000432133675,1.5792056728969328e-05
Confidential-Immaculately,0.0,-0.0020000000949949026,1.8126005670637824e-05
Confidential-Confidential,3.3440441843062882,0.009999999776482582,0.0
Confidential-Unbelievable,0.11846435777666864,-0.00800000037997961,1.7840982764028013e-05
Confidential-Illustration,0.0,-0.00800000037997961,1.5194827028608415e-05
Confidential-Satisfactory,0.0,-0.0020000000949949026,1.8126005670637824e-05
Confidential-Disadvantage,0.0,0.014000000432133675,1.5792056728969328e-05
Confidential-Organization,0.0,-0.009999999776482582,1.8223048755316995e-05
Confidential-Psychologist,0.06055865387874659,-0.012000000104308128,1.5222495676425751e-05
Confidential-Entertaining,0.02849989646376372,-0.004000000189989805,2.174853580072522e-05
Confidential-Refrigerator,0.0,-0.009999999776482582,1.8223048755316995e-05
Confidential-Sanitization,0.0,-0.009999999776482582,1.8223048755316995e-05
Confidential-Relationship,0.03054976045815261,-0.0020000000949949026,1.527302447357215e-05
Confidential-Considerable,3.344044184306288,0.009999999776482582,0.0
Confidential-Investigator,0.0,-0.0020000000949949026,1.583863195264712e-05
Confidential-Intimidating,0.02849989646376372,-0.004000000189989805,2.174853580072522e-05
Confidential-Registration,0.0,-0.00800000037997961,1.5194827028608415e-05
Confidential-Sophisticate,0.0,0.014000000432133675,1.5792056728969328e-05
Confidential-Subscription,0.0,-0.00800000037997961,1.5194827028608415e-05
Confidential-Independence,0.04695757412909041,0.0020000000949949026,2.0960886104148813e-05
Confidential-Satisfaction,0.0,-0.00800000037997961,1.5194827028608415e-05
Confidential-Intelligence,0.04695757412909041,0.0020000000949949026,2.0960886104148813e-05
Confidential-Requirements,0.07386229437569547,-0.004000000189989805,1.896536923595704e-05
Confidential-Contribution,0.0,-0.012000000104308128,1.8078586435876787e-05
Unbelievable-Accomplished,0.11079958009926516,0.01119999960064888,1.5539957530563697e-05
Unbelievable-Embarrassing,0.0,0.0031999999191612005,1.1973144864896312e-05
Unbelievable-Perseverance,0.058672977431088125,-0.0015999999595806003,1.8571230611996725e-05
Unbelievable-Significance,0.0,-0.01119999960064888,1.7456637579016387e-05
Unbelievable-Hypothetical,0.11846435777666864,-0.00800000037997961,1.7840982764028013e-05
Unbelievable-Respectively,0.0,0.0015999999595806003,1.526726373413112e-05
Unbelievable-Entrepreneur,0.06891768852957325,0.009600000455975533,1.589671228430234e-05
Unbelievable-Irrespective,0.01436902114947447,-0.00800000037997961,1.515782241767738e-05
Unbelievable-Disappointed,0.11079958009926516,0.01119999960064888,1.5539957530563697e-05
Unbelievable-Professional,0.11846435777666864,-0.00800000037997961,1.7840982764028013e-05
Unbelievable-Circumstance,0.0,-0.01119999960064888,1.7456637579016387e-05
Unbelievable-Immaculately,0.0,0.0015999999595806003,1.526726373413112e-05
Unbelievable-Confidential,0.11846435777666864,-0.00800000037997961,1.7840982764028013e-05
Unbelievable-Unbelievable,3.344044184306288,0.006399999838322401,0.0
Unbelievable-Illustration,0.028326772150194746,0.006399999838322401,1.977988358703442e-05
Unbelievable-Satisfactory,0.0,0.0015999999595806003,1.526726373413112e-05
Unbelievable-Disadvantage,0.0,-0.01119999960064888,1.7456637579016387e-05
Unbelievable-Organization,0.0,0.00800000037997961,1.6887683159438893e-05
Unbelievable-Psychologist,0.07372376905230382,0.009600000455975533,1.491079183324473e-05
Unbelievable-Entertaining,0.0,0.0031999999191612005,1.1973144864896312e-05
Unbelievable-Refrigerator,0.0,0.00800000037997961,1.6887683159438893e-05
Unbelievable-Sanitization,0.0,0.00800000037997961,1.6887683159438893e-05
Unbelievable-Relationship,0.0,0.0015999999595806003,1.797734512365423e-05
Unbelievable-Considerable,0.11846435777666864,-0.00800000037997961,1.7840982764028013e-05
Unbelievable-Investigator,0.03073745329095745,0.0015999999595806003,1.617127054487355e-05
Unbelievable-Intimidating,0.0,0.0031999999191612005,1.1973144864896312e-05
Unbelievable-Registration,0.028326772150194746,0.006399999838322401,1.977988358703442e-05
Unbelievable-Sophisticate,0.0,-0.01119999960064888,1.7456637579016387e-05
Unbelievable-Subscription,0.028326772150194746,0.006399999838322401,1.977988358703442e-05
Unbelievable-Independence,0.058672977431088125,-0.0015999999595806003,1.8571230611996725e-05
Unbelievable-Satisfaction,0.028326772150194746,0.006399999838322401,1.977988358703442e-05
Unbelievable-Intelligence,0.058672977431088125,-0.0015999999595806003,1.8571230611996725e-05
Unbelievable-Requirements,0.0,0.0031999999191612005,1.641698145249393e-05
Unbelievable-Contribution,0.06891768852957325,0.009600000455975533,1.589671228430234e-05
Illustration-Accomplished,5.387368063436426e-05,0.01119999960064888,1.8069904399453662e-05
Illustration-Embarrassing,0.043647191351310344,0.0031999999191612005,1.9915252778446302e-05
Illustration-Perseverance,0.04004805181708315,-0.0015999999595806003,1.731384327285923e-05
Illustration-Significance,0.020971314641694327,-0.01119999960064888,1.5707950296928175e-05
Illustration-Hypothetical,0.0,-0.00800000037997961,1.5194827028608415e-05
Illustration-Respectively,0.0699417592108551,0.0015999999595806003,1.8322154573979788e-05
Illustration-Entrepreneur,0.03626405335563909,0.009600000455975533,1.6958836567937396e-05
Illustration-Irrespective,0.0,-0.00800000037997961,1.6839134332258254e-05
Illustration-Disappointed,5.387368063436426e-05,0.01119999960064888,1.8069904399453662e-05
Illustration-Professional,0.0,-0.00800000037997961,1.5194827028608415e-05
Illustration-Circumstance,0.020971314641694327,-0.01119999960064888,1.5707950296928175e-05
Illustration-Immaculately,0.0699417592108551,0.0015999999595806003,1.8322154573979788e-05
Illustration-Confidential,0.0,-0.00800000037997961,1.5194827028608415e-05
Illustration-Unbelievable,0.028326772150194746,0.006399999838322401,1.977988358703442e-05
Illustration-Illustration,3.344044184306288,0.006399999838322401,0.0
Illustration-Satisfactory,0.0699417592108551,0.0015999999595806003,1.8322154573979788e-05
Illustration-Disadvantage,0.020971314641694327,-0.01119999960064888,1.5707950296928175e-05
Illustration-Organization,0.0,0.00800000037997961,1.8476262994227e-05
Illustration-Psychologist,0.0,0.009600000455975533,1.5983119737938978e-05
Illustration-Entertaining,0.043647191351310344,0.0031999999191612005,1.9915252778446302e-05
Illustration-Refrigerator,0.0,0.00800000037997961,1.8476262994227e-05
Illustration-Sanitization,0.0,0.00800000037997961,1.8476262994227e-05
Illustration-Relationship,0.018500989599878004,0.0015999999595806003,1.8589831597637385e-05
Illustration-Considerable,0.0,-0.00800000037997961,1.5194827028608415e-05
Illustration-Investigator,0.06609507551186056,0.0015999999595806003,1.78839654836338e-05
Illustration-Intimidating,0.043647191351310344,0.0031999999191612005,1.9915252778446302e-05
Illustration-Registration,3.344044184306288,0.006399999838322401,0.0
Illustration-Sophisticate,0.020971314641694327,-0.01119999960064888,1.5707950296928175e-05
Illustration-Subscription,3.3440441843062887,0.006399999838322401,0.0
Illustration-Independence,0.04004805181708315,-0.0015999999595806003,1.731384327285923e-05
Illustration-Satisfaction,3.344044184306288,0.006399999838322401,0.0
Illustration-Intelligence,0.04004805181708315,-0.0015999999595806003,1.731384327285923e-05
Illustration-Requirements,0.028522507192381585,0.0031999999191612005,1.8317254216526635e-05
Illustration-Contribution,0.03626405335563909,0.009600000455975533,1.6958836567937396e-05
Satisfactory-Accomplished,0.0,0.00279999990016222,1.8614433429320343e-05
Satisfactory-Embarrassing,0.04562530412492105,0.0007999999797903001,1.6272389984806068e-05
Satisfactory-Perseverance,0.08933629072847182,-0.00039999998989515007,1.6992195014609024e-05
Satisfactory-Significance,0.08737214645175184,-0.00279999990016222,1.5642550351913087e-05
Satisfactory-Hypothetical,0.0,-0.0020000000949949026,1.8126005670637824e-05
Satisfactory-Respectively,3.344044184306288,0.00039999998989515007,0.0
Satisfactory-Entrepreneur,0.07647323922083338,0.002400000113993883,1.632055500522256e-05
Satisfactory-Irrespective,0.0,-0.0020000000949949026,1.4875774468237069e-05
Satisfactory-Disappointed,0.0,0.00279999990016222,1.8614433429320343e-05
Satisfactory-Professional,0.0,-0.0020000000949949026,1.8126005670637824e-05
Satisfactory-Circumstance,0.08737214645175184,-0.00279999990016222,1.5642550351913087e-05
Satisfactory-Immaculately,3.3440441843062882,0.00039999998989515007,0.0
Satisfactory-Confidential,0.0,-0.0020000000949949026,1.8126005670637824e-05
Satisfactory-Unbelievable,0.0,0.0015999999595806003,1.526726373413112e-05
Satisfactory-Illustration,0.0699417592108551,0.0015999999595806003,1.8322154573979788e-05
Satisfactory-Satisfactory,3.344044184306288,0.00039999998989515007,0.0
Satisfactory-Disadvantage,0.08737214645175184,-0.00279999990016222,1.5642550351913087e-05
Satisfactory-Organization,0.05531882629142837,0.0020000000949949026,1.5171635823207907e-05
Satisfactory-Psychologist,0.021170869419885996,0.002400000113993883,1.8927965356851928e-05
Satisfactory-Entertaining,0.04562530412492105,0.0007999999797903001,1.6272389984806068e-05
Satisfactory-Refrigerator,0.05531882629142837,0.0020000000949949026,1.5171635823207907e-05
Satisfactory-Sanitization,0.05531882629142837,0.0020000000949949026,1.5171635823207907e-05
Satisfactory-Relationship,0.0006635508689818437,0.00039999998989515007,1.4897011169523466e-05
Satisfactory-Considerable,0.0,-0.0020000000949949026,1.8126005670637824e-05
Satisfactory-Investigator,0.0,0.00039999998989515007,1.9059601982007734e-05
Satisfactory-Intimidating,0.04562530412492105,0.0007999999797903001,1.6272389984806068e-05
Satisfactory-Registration,0.0699417592108551,0.0015999999595806003,1.8322154573979788e-05
Satisfactory-Sophisticate,0.08737214645175184,-0.00279999990016222,1.5642550351913087e-05
Satisfactory-Subscription,0.0699417592108551,0.0015999999595806003,1.8322154573979788e-05
Satisfactory-Independence,0.08933629072847182,-0.00039999998989515007,1.6992195014609024e-05
Satisfactory-Satisfaction,0.0699417592108551,0.0015999999595806003,1.8322154573979788e-05
Satisfactory-Intelligence,0.08933629072847182,-0.00039999998989515007,1.6992195014609024e-05
Satisfactory-Requirements,0.0,0.0007999999797903001,1.758599501044955e-05
Satisfactory-Contribution,0.07647323922083338,0.002400000113993883,1.632055500522256e-05
Disadvantage-Accomplished,0.0,-0.019600000232458115,1.82777366717346e-05
Disadvantage-Embarrassing,0.025259454180258878,-0.00559999980032444,1.7984211808652617e-05
Disadvantage-Perseverance,0.0,0.00279999990016222,1.7479345842730254e-05
Disadvantage-Significance,3.3440441843062887,0.019600000232458115,0.0
Disadvantage-Hypothetical,0.0,0.014000000432133675,1.5792056728969328e-05
Disadvantage-Respectively,0.08737214645175184,-0.00279999990016222,1.5642550351913087e-05
Disadvantage-Entrepreneur,0.14498641937066648,-0.01679999940097332,1.694029378995765e-05
Disadvantage-Irrespective,0.008730944077850467,0.014000000432133675,1.4171313523547724e-05
Disadvantage-Disappointed,0.0,-0.019600000232458115,1.82777366717346e-05
Disadvantage-Professional,0.0,0.014000000432133675,1.5792056728969328e-05
Disadvantage-Circumstance,3.3440441843062887,0.019600000232458115,0.0
Disadvantage-Immaculately,0.08737214645175184,-0.00279999990016222,1.5642550351913087e-05
Disadvantage-Confidential,0.0,0.014000000432133675,1.5792056728969328e-05
Disadvantage-Unbelievable,0.0,-0.01119999960064888,1.7456637579016387e-05
Disadvantage-Illustration,0.020971314641694327,-0.01119999960064888,1.5707950296928175e-05
Disadvantage-Satisfactory,0.08737214645175184,-0.00279999990016222,1.5642550351913087e-05
Disadvantage-Disadvantage,3.3440441843062882,0.019600000232458115,0.0
Disadvantage-Organization,0.0,-0.014000000432133675,1.8423716028337367e-05
Disadvantage-Psychologist,0.0052503326360442415,-0.01679999940097332,1.7717544324113987e-05
Disadvantage-Entertaining,0.025259454180258878,-0.00559999980032444,1.7984211808652617e-05
Disadvantage-Refrigerator,0.0,-0.014000000432133675,1.8423716028337367e-05
Disadvantage-Sanitization,0.0,-0.014000000432133675,1.8423716028337367e-05
Disadvantage-Relationship,0.0,-0.00279999990016222,1.9501778297126293e-05
Disadvantage-Considerable,0.0,0.014000000432133675,1.5792056728969328e-05
Disadvantage-Investigator,0.0,-0.00279999990016222,1.788796180335339e-05
Disadvantage-Intimidating,0.025259454180258878,-0.00559999980032444,1.7984211808652617e-05
Disadvantage-Registration,0.020971314641694327,-0.01119999960064888,1.5707950296928175e-05
Disadvantage-Sophisticate,3.344044184306288,0.019600000232458115,0.0
Disadvantage-Subscription,0.020971314641694327,-0.01119999960064888,1.5707950296928175e-05
Disadvantage-Independence,0.0,0.00279999990016222,1.7479345842730254e-05
Disadvantage-Satisfaction,0.020971314641694327,-0.01119999960064888,1.5707950296928175e-05
Disadvantage-Intelligence,0.0,0.00279999990016222,1.7479345842730254e-05
Disadvantage-Requirements,0.0700452485208869,-0.00559999980032444,1.935162435984239e-05
Disadvantage-Contribution,0.14498641937066648,-0.01679999940097332,1.694029378995765e-05
Organization-Accomplished,0.0882609929525402,0.014000000432133675,1.8180307961301878e-05
Organization-Embarrassing,0.0,0.004000000189989805,1.4822047887719236e-05
Organization-Perseverance,0.0,-0.0020000000949949026,1.789912857930176e-05
Organization-Significance,0.0,-0.014000000432133675,1.8423716028337367e-05
Organization-Hypothetical,0.0,-0.009999999776482582,1.8223048755316995e-05
Organization-Respectively,0.05531882629142837,0.0020000000949949026,1.5171635823207907e-05
Organization-Entrepreneur,0.0,0.012000000104308128,1.870696542027872e-05
Organization-Irrespective,0.0,-0.009999999776482582,1.5926660125842318e-05
Organization-Disappointed,0.0882609929525402,0.014000000432133675,1.8180307961301878e-05
Organization-Professional,0.0,-0.009999999776482582,1.8223048755316995e-05
Organization-Circumstance,0.0,-0.014000000432133675,1.8423716028337367e-05
Organization-Immaculately,0.05531882629142837,0.0020000000949949026,1.5171635823207907e-05
Organization-Confidential,0.0,-0.009999999776482582,1.8223048755316995e-05
Organization-Unbelievable,0.0,0.00800000037997961,1.6887683159438893e-05
Organization-Illustration,0.0,0.00800000037997961,1.8476262994227e-05
Organization-Satisfactory,0.05531882629142837,0.0020000000949949026,1.5171635823207907e-05
Organization-Disadvantage,0.0,-0.014000000432133675,1.8423716028337367e-05
Organization-Organization,3.3440441843062882,0.009999999776482582,0.0
Organization-Psychologist,0.0,0.012000000104308128,1.7764148651622236e-05
Organization-Entertaining,0.0,0.004000000189989805,1.4822047887719236e-05
Organization-Refrigerator,3.344044184306288,0.009999999776482582,0.0
Organization-Sanitization,3.3440441843062887,0.009999999776482582,0.0
Organization-Relationship,0.0,0.0020000000949949026,1.7835340258898214e-05
Organization-Considerable,0.0,-0.009999999776482582,1.8223048755316995e-05
Organization-Investigator,0.03613500066778652,0.0020000000949949026,1.9284030713606626e-05
Organization-Intimidating,0.0,0.004000000189989805,1.4822047887719236e-05
Organization-Registration,0.0,0.00800000037997961,1.8476262994227e-05
Organization-Sophisticate,0.0,-0.014000000432133675,1.8423716028337367e-05
Organization-Subscription,0.0,0.00800000037997961,1.8476262994227e-05
Organization-Independence,0.0,-0.0020000000949949026,1.789912857930176e-05
Organization-Satisfaction,0.0,0.00800000037997961,1.8476262994227e-05
Organization-Intelligence,0.0,-0.0020000000949949026,1.789912857930176e-05
Organization-Requirements,0.018638639008584423,0.004000000189989805,1.7678459698799998e-05
Organization-Contribution,0.0,0.012000000104308128,1.870696542027872e-05
Psychologist-Accomplished,0.0,0.01679999940097332,1.6963469533948228e-05
Psychologist-Embarrassing,0.0954608990223802,0.004800000227987766,1.826647530833725e-05
Psychologist-Perseverance,0.0,-0.002400000113993883,1.8680970242712647e-05
Psychologist-Significance,0.0052503326360442415,-0.01679999940097332,1.7717544324113987e-05
Psychologist-Hypothetical,0.06055865387874659,-0.012000000104308128,1.5222495676425751e-05
Psychologist-Respectively,0.021170869419885996,0.002400000113993883,1.8927965356851928e-05
Psychologist-Entrepreneur,0.0,0.014399999752640724,1.597913433215581e-05
Psychologist-Irrespective,0.040226488932203264,-0.012000000104308128,1.4356396604853217e-05
Psychologist-Disappointed,0.0,0.01679999940097332,1.6963469533948228e-05
Psychologist-Professional,0.06055865387874659,-0.012000000104308128,1.5222495676425751e-05
Psychologist-Circumstance,0.0052503326360442415,-0.01679999940097332,1.7717544324113987e-05
Psychologist-Immaculately,0.021170869419885996,0.002400000113993883,1.8927965356851928e-05
Psychologist-Confidential,0.06055865387874659,-0.012000000104308128,1.5222495676425751e-05
Psychologist-Unbelievable,0.07372376905230382,0.009600000455975533,1.491079183324473e-05
Psychologist-Illustration,0.0,0.009600000455975533,1.5983119737938978e-05
Psychologist-Satisfactory,0.021170869419885996,0.002400000113993883,1.8927965356851928e-05
Psychologist-Disadvantage,0.0052503326360442415,-0.01679999940097332,1.7717544324113987e-05
Psychologist-Organization,0.0,0.012000000104308128,1.7764148651622236e-05
Psychologist-Psychologist,3.3440441843062887,0.014399999752640724,0.0
Psychologist-Entertaining,0.0954608990223802,0.004800000227987766,1.826647530833725e-05
Psychologist-Refrigerator,0.0,0.012000000104308128,1.7764148651622236e-05
Psychologist-Sanitization,0.0,0.012000000104308128,1.7764148651622236e-05
Psychologist-Relationship,0.05293658905468224,0.002400000113993883,1.53651835717028e-05
Psychologist-Considerable,0.06055865387874659,-0.012000000104308128,1.5222495676425751e-05
Psychologist-Investigator,0.10613763418684341,0.002400000113993883,1.3159754416847136e-05
Psychologist-Intimidating,0.0954608990223802,0.004800000227987766,1.826647530833725e-05
Psychologist-Registration,0.0,0.009600000455975533,1.5983119737938978e-05
Psychologist-Sophisticate,0.0052503326360442415,-0.01679999940097332,1.7717544324113987e-05
Psychologist-Subscription,0.0,0.009600000455975533,1.5983119737938978e-05
Psychologist-Independence,0.0,-0.002400000113993883,1.8680970242712647e-05
Psychologist-Satisfaction,0.0,0.009600000455975533,1.5983119737938978e-05
Psychologist-Intelligence,0.0,-0.002400000113993883,1.8680970242712647e-05
Psychologist-Requirements,0.0875786065471873,0.004800000227987766,1.5566394722554833e-05
Psychologist-Contribution,0.0,0.014399999752640724,1.597913433215581e-05
Entertaining-Accomplished,0.0,0.00559999980032444,1.7139675037469715e-05
Entertaining-Embarrassing,3.3440441843062887,0.0015999999595806003,0.0
Entertaining-Perseverance,0.0,-0.0007999999797903001,2.0500257960520685e-05
Entertaining-Significance,0.025259454180258878,-0.00559999980032444,1.7984211808652617e-05
Entertaining-Hypothetical,0.02849989646376372,-0.004000000189989805,2.174853580072522e-05
Entertaining-Respectively,0.04562530412492105,0.0007999999797903001,1.6272389984806068e-05
Entertaining-Entrepreneur,0.0,0.004800000227987766,1.5770618119859137e-05
Entertaining-Irrespective,0.0,-0.004000000189989805,1.4694415767735336e-05
Entertaining-Disappointed,0.0,0.00559999980032444,1.7139675037469715e-05
Entertaining-Professional,0.02849989646376372,-0.004000000189989805,2.174853580072522e-05
Entertaining-Circumstance,0.025259454180258878,-0.00559999980032444,1.7984211808652617e-05
Entertaining-Immaculately,0.04562530412492105,0.0007999999797903001,1.6272389984806068e-05
Entertaining-Confidential,0.02849989646376372,-0.004000000189989805,2.174853580072522e-05
Entertaining-Unbelievable,0.0,0.0031999999191612005,1.1973144864896312e-05
Entertaining-Illustration,0.043647191351310344,0.0031999999191612005,1.9915252778446302e-05
Entertaining-Satisfactory,0.04562530412492105,0.0007999999797903001,1.6272389984806068e-05
Entertaining-Disadvantage,0.025259454180258878,-0.00559999980032444,1.7984211808652617e-05
Entertaining-Organization,0.0,0.004000000189989805,1.4822047887719236e-05
Entertaining-Psychologist,0.0954608990223802,0.004800000227987766,1.826647530833725e-05
Entertaining-Entertaining,3.3440441843062882,0.0015999999595806003,0.0
Entertaining-Refrigerator,0.0,0.004000000189989805,1.4822047887719236e-05
Entertaining-Sanitization,0.0,0.004000000189989805,1.4822047887719236e-05
Entertaining-Relationship,0.08564563864646324,0.0007999999797903001,2.0583520381478593e-05
Entertaining-Considerable,0.02849989646376372,-0.004000000189989805,2.174853580072522e-05
Entertaining-Investigator,0.054008639168833916,0.0007999999797903001,1.9985851395176724e-05
Entertaining-Intimidating,3.344044184306288,0.0015999999595806003,0.0
Entertaining-Registration,0.043647191351310344,0.0031999999191612005,1.9915252778446302e-05
Entertaining-Sophisticate,0.025259454180258878,-0.00559999980032444,1.7984211808652617e-05
Entertaining-Subscription,0.043647191351310344,0.0031999999191612005,1.9915252778446302e-05
Entertaining-Independence,0.0,-0.0007999999797903001,2.0500257960520685e-05
Entertaining-Satisfaction,0.043647191351310344,0.0031999999191612005,1.9915252778446302e-05
Entertaining-Intelligence,0.0,-0.0007999999797903001,2.0500257960520685e-05
Entertaining-Requirements,0.10989912482021147,0.0015999999595806003,1.93692249013111e-05
Entertaining-Contribution,0.0,0.004800000227987766,1.5770618119859137e-05
Refrigerator-Accomplished,0.0882609929525402,0.014000000432133675,1.8180307961301878e-05
Refrigerator-Embarrassing,0.0,0.004000000189989805,1.4822047887719236e-05
Refrigerator-Perseverance,0.0,-0.0020000000949949026,1.789912857930176e-05
Refrigerator-Significance,0.0,-0.014000000432133675,1.8423716028337367e-05
Refrigerator-Hypothetical,0.0,-0.009999999776482582,1.8223048755316995e-05
Refrigerator-Respectively,0.05531882629142837,0.0020000000949949026,1.5171635823207907e-05
Refrigerator-Entrepreneur,0.0,0.012000000104308128,1.870696542027872e-05
Refrigerator-Irrespective,0.0,-0.009999999776482582,1.5926660125842318e-05
Refrigerator-Disappointed,0.0882609929525402,0.014000000432133675,1.8180307961301878e-05
Refrigerator-Professional,0.0,-0.009999999776482582,1.8223048755316995e-05
Refrigerator-Circumstance,0.0,-0.014000000432133675,1.8423716028337367e-05
Refrigerator-Immaculately,0.05531882629142837,0.0020000000949949026,1.5171635823207907e-05
Refrigerator-Confidential,0.0,-0.009999999776482582,1.8223048755316995e-05
Refrigerator-Unbelievable,0.0,0.00800000037997961,1.6887683159438893e-05
Refrigerator-Illustration,0.0,0.00800000037997961,1.8476262994227e-05
Refrigerator-Satisfactory,0.05531882629142837,0.0020000000949949026,1.5171635823207907e-05
Refrigerator-Disadvantage,0.0,-0.014000000432133675,1.8423716028337367e-05
Refrigerator-Organization,3.344044184306288,0.009999999776482582,0.0
Refrigerator-Psychologist,0.0,0.012000000104308128,1.7764148651622236e-05
Refrigerator-Entertaining,0.0,0.004000000189989805,1.4822047887719236e-05
Refrigerator-Refrigerator,3.3440441843062887,0.009999999776482582,0.0
Refrigerator-Sanitization,3.344044184306288,0.009999999776482582,0.0
Refrigerator-Relationship,0.0,0.0020000000949949026,1.7835340258898214e-05
Refrigerator-Considerable,0.0,-0.009999999776482582,1.8223048755316995e-05
Refrigerator-Investigator,0.03613500066778652,0.0020000000949949026,1.9284030713606626e-05
Refrigerator-Intimidating,0.0,0.004000000189989805,1.4822047887719236e-05
Refrigerator-Registration,0.0,0.00800000037997961,1.8476262994227e-05
Refrigerator-Sophisticate,0.0,-0.014000000432133675,1.8423716028337367e-05
Refrigerator-Subscription,0.0,0.00800000037997961,1.8476262994227e-05
Refrigerator-Independence,0.0,-0.0020000000949949026,1.789912857930176e-05
Refrigerator-Satisfaction,0.0,0.00800000037997961,1.8476262994227e-05
Refrigerator-Intelligence,0.0,-0.0020000000949949026,1.789912857930176e-05
Refrigerator-Requirements,0.018638639008584423,0.004000000189989805,1.7678459698799998e-05
Refrigerator-Contribution,0.0,0.012000000104308128,1.870696542027872e-05
Sanitization-Accomplished,0.0882609929525402,0.014000000432133675,1.8180307961301878e-05
Sanitization-Embarrassing,0.0,0.004000000189989805,1.4822047887719236e-05
Sanitization-Perseverance,0.0,-0.0020000000949949026,1.789912857930176e-05
Sanitization-Significance,0.0,-0.014000000432133675,1.8423716028337367e-05
Sanitization-Hypothetical,0.0,-0.009999999776482582,1.8223048755316995e-05
Sanitization-Respectively,0.05531882629142837,0.0020000000949949026,1.5171635823207907e-05
Sanitization-Entrepreneur,0.0,0.012000000104308128,1.870696542027872e-05
Sanitization-Irrespective,0.0,-0.009999999776482582,1.5926660125842318e-05
Sanitization-Disappointed,0.0882609929525402,0.014000000432133675,1.8180307961301878e-05
Sanitization-Professional,0.0,-0.009999999776482582,1.8223048755316995e-05
Sanitization-Circumstance,0.0,-0.014000000432133675,1.8423716028337367e-05
Sanitization-Immaculately,0.05531882629142837,0.0020000000949949026,1.5171635823207907e-05
Sanitization-Confidential,0.0,-0.009999999776482582,1.8223048755316995e-05
Sanitization-Unbelievable,0.0,0.00800000037997961,1.6887683159438893e-05
Sanitization-Illustration,0.0,0.00800000037997961,1.8476262994227e-05
Sanitization-Satisfactory,0.05531882629142837,0.0020000000949949026,1.5171635823207907e-05
Sanitization-Disadvantage,0.0,-0.014000000432133675,1.8423716028337367e-05
Sanitization-Organization,3.3440441843062887,0.009999999776482582,0.0
Sanitization-Psychologist,0.0,0.012000000104308128,1.7764148651622236e-05
Sanitization-Entertaining,0.0,0.004000000189989805,1.4822047887719236e-05
Sanitization-Refrigerator,3.344044184306288,0.009999999776482582,0.0
Sanitization-Sanitization,3.344044184306288,0.009999999776482582,0.0
Sanitization-Relationship,0.0,0.0020000000949949026,1.7835340258898214e-05
Sanitization-Considerable,0.0,-0.009999999776482582,1.8223048755316995e-05
Sanitization-Investigator,0.03613500066778652,0.0020000000949949026,1.9284030713606626e-05
Sanitization-Intimidating,0.0,0.004000000189989805,1.4822047887719236e-05
Sanitization-Registration,0.0,0.00800000037997961,1.8476262994227e-05
Sanitization-Sophisticate,0.0,-0.014000000432133675,1.8423716028337367e-05
Sanitization-Subscription,0.0,0.00800000037997961,1.8476262994227e-05
Sanitization-Independence,0.0,-0.0020000000949949026,1.789912857930176e-05
Sanitization-Satisfaction,0.0,0.00800000037997961,1.8476262994227e-05
Sanitization-Intelligence,0.0,-0.0020000000949949026,1.789912857930176e-05
Sanitization-Requirements,0.018638639008584423,0.004000000189989805,1.7678459698799998e-05
Sanitization-Contribution,0.0,0.012000000104308128,1.870696542027872e-05
Relationship-Accomplished,0.0,0.00279999990016222,1.533688191557303e-05
Relationship-Embarrassing,0.08564563864646324,0.0007999999797903001,2.0583520381478593e-05
Relationship-Perseverance,0.0,-0.00039999998989515007,1.861126656876877e-05
Relationship-Significance,0.0,-0.00279999990016222,1.9501778297126293e-05
Relationship-Hypothetical,0.03054976045815261,-0.0020000000949949026,1.527302447357215e-05
Relationship-Respectively,0.0006635508689818437,0.00039999998989515007,1.4897011169523466e-05
Relationship-Entrepreneur,0.04265512125064985,0.002400000113993883,1.9498720575938933e-05
Relationship-Irrespective,0.05390673463669238,-0.0020000000949949026,1.7168709746329114e-05
Relationship-Disappointed,0.0,0.00279999990016222,1.533688191557303e-05
Relationship-Professional,0.03054976045815261,-0.0020000000949949026,1.527302447357215e-05
Relationship-Circumstance,0.0,-0.00279999990016222,1.9501778297126293e-05
Relationship-Immaculately,0.0006635508689818437,0.00039999998989515007,1.4897011169523466e-05
Relationship-Confidential,0.03054976045815261,-0.0020000000949949026,1.527302447357215e-05
Relationship-Unbelievable,0.0,0.0015999999595806003,1.797734512365423e-05
Relationship-Illustration,0.018500989599878004,0.0015999999595806003,1.8589831597637385e-05
Relationship-Satisfactory,0.0006635508689818437,0.00039999998989515007,1.4897011169523466e-05
Relationship-Disadvantage,0.0,-0.00279999990016222,1.9501778297126293e-05
Relationship-Organization,0.0,0.0020000000949949026,1.7835340258898214e-05
Relationship-Psychologist,0.05293658905468224,0.002400000113993883,1.53651835717028e-05
Relationship-Entertaining,0.08564563864646324,0.0007999999797903001,2.0583520381478593e-05
Relationship-Refrigerator,0.0,0.0020000000949949026,1.7835340258898214e-05
Relationship-Sanitization,0.0,0.0020000000949949026,1.7835340258898214e-05
Relationship-Relationship,3.344044184306288,0.00039999998989515007,0.0
Relationship-Considerable,0.03054976045815261,-0.0020000000949949026,1.527302447357215e-05
Relationship-Investigator,0.006199394114202228,0.00039999998989515007,1.6096646504593082e-05
Relationship-Intimidating,0.08564563864646324,0.0007999999797903001,2.0583520381478593e-05
Relationship-Registration,0.018500989599878004,0.0015999999595806003,1.8589831597637385e-05
Relationship-Sophisticate,0.0,-0.00279999990016222,1.9501778297126293e-05
Relationship-Subscription,0.018500989599878004,0.0015999999595806003,1.8589831597637385e-05
Relationship-Independence,0.0,-0.00039999998989515007,1.861126656876877e-05
Relationship-Satisfaction,0.018500989599878004,0.0015999999595806003,1.8589831597637385e-05
Relationship-Intelligence,0.0,-0.00039999998989515007,1.861126656876877e-05
Relationship-Requirements,0.010576130020154562,0.0007999999797903001,1.5175324733718298e-05
Relationship-Contribution,0.04265512125064985,0.002400000113993883,1.9498720575938933e-05
Considerable-Accomplished,0.12129662351344628,-0.014000000432133675,1.9647730368888006e-05
Considerable-Embarrassing,0.02849989646376372,-0.004000000189989805,2.174853580072522e-05
Considerable-Perseverance,0.04695757412909041,0.0020000000949949026,2.0960886104148813e-05
Considerable-Significance,0.0,0.014000000432133675,1.5792056728969328e-05
Considerable-Hypothetical,3.3440441843062882,0.009999999776482582,0.0
Considerable-Respectively,0.0,-0.0020000000949949026,1.8126005670637824e-05
Considerable-Entrepreneur,0.0,-0.012000000104308128,1.8078586435876787e-05
Considerable-Irrespective,0.06441962882456043,0.009999999776482582,1.3750973266724031e-05
Considerable-Disappointed,0.12129662351344628,-0.014000000432133675,1.9647730368888006e-05
Considerable-Professional,3.3440441843062887,0.009999999776482582,0.0
Considerable-Circumstance,0.0,0.014000000432133675,1.5792056728969328e-05
Considerable-Immaculately,0.0,-0.0020000000949949026,1.8126005670637824e-05
Considerable-Confidential,3.3440441843062882,0.009999999776482582,0.0
Considerable-Unbelievable,0.11846435777666864,-0.00800000037997961,1.7840982764028013e-05
Considerable-Illustration,0.0,-0.00800000037997961,1.5194827028608415e-05
Considerable-Satisfactory,0.0,-0.0020000000949949026,1.8126005670637824e-05
Considerable-Disadvantage,0.0,0.014000000432133675,1.5792056728969328e-05
Considerable-Organization,0.0,-0.009999999776482582,1.8223048755316995e-05
Considerable-Psychologist,0.06055865387874659,-0.012000000104308128,1.5222495676425751e-05
Considerable-Entertaining,0.02849989646376372,-0.004000000189989805,2.174853580072522e-05
Considerable-Refrigerator,0.0,-0.009999999776482582,1.8223048755316995e-05
Considerable-Sanitization,0.0,-0.009999999776482582,1.8223048755316995e-05
Considerable-Relationship,0.03054976045815261,-0.0020000000949949026,1.527302447357215e-05
Considerable-Considerable,3.3440441843062882,0.009999999776482582,0.0
Considerable-Investigator,0.0,-0.0020000000949949026,1.583863195264712e-05
Considerable-Intimidating,0.02849989646376372,-0.004000000189989805,2.174853580072522e-05
Considerable-Registration,0.0,-0.00800000037997961,1.5194827028608415e-05
Considerable-Sophisticate,0.0,0.014000000432133675,1.5792056728969328e-05
Considerable-Subscription,0.0,-0.00800000037997961,1.5194827028608415e-05
Considerable-Independence,0.04695757412909041,0.0020000000949949026,2.0960886104148813e-05
Considerable-Satisfaction,0.0,-0.00800000037997961,1.5194827028608415e-05
Considerable-Intelligence,0.04695757412909041,0.0020000000949949026,2.0960886104148813e-05
Considerable-Requirements,0.07386229437569547,-0.004000000189989805,1.896536923595704e-05
Considerable-Contribution,0.0,-0.012000000104308128,1.8078586435876787e-05
Investigator-Accomplished,0.028121532775403857,0.00279999990016222,2.0119230612181127e-05
Investigator-Embarrassing,0.054008639168833916,0.0007999999797903001,1.9985851395176724e-05
Investigator-Perseverance,0.10953010580151634,-0.00039999998989515007,1.7747830497683026e-05
Investigator-Significance,0.0,-0.00279999990016222,1.788796180335339e-05
Investigator-Hypothetical,0.0,-0.0020000000949949026,1.583863195264712e-05
Investigator-Respectively,0.0,0.00039999998989515007,1.9059601982007734e-05
Investigator-Entrepreneur,0.07167863368956784,0.002400000113993883,1.783489642548375e-05
Investigator-Irrespective,0.0,-0.0020000000949949026,1.5878013073233888e-05
Investigator-Disappointed,0.028121532775403857,0.00279999990016222,2.0119230612181127e-05
Investigator-Professional,0.0,-0.0020000000949949026,1.583863195264712e-05
Investigator-Circumstance,0.0,-0.00279999990016222,1.788796180335339e-05
Investigator-Immaculately,0.0,0.00039999998989515007,1.9059601982007734e-05
Investigator-Confidential,0.0,-0.0020000000949949026,1.583863195264712e-05
Investigator-Unbelievable,0.03073745329095745,0.0015999999595806003,1.617127054487355e-05
Investigator-Illustration,0.06609507551186056,0.0015999999595806003,1.78839654836338e-05
Investigator-Satisfactory,0.0,0.00039999998989515007,1.9059601982007734e-05
Investigator-Disadvantage,0.0,-0.00279999990016222,1.788796180335339e-05
Investigator-Organization,0.03613500066778652,0.0020000000949949026,1.9284030713606626e-05
Investigator-Psychologist,0.10613763418684341,0.002400000113993883,1.3159754416847136e-05
Investigator-Entertaining,0.054008639168833916,0.0007999999797903001,1.9985851395176724e-05
Investigator-Refrigerator,0.03613500066778652,0.0020000000949949026,1.9284030713606626e-05
Investigator-Sanitization,0.03613500066778652,0.0020000000949949026,1.9284030713606626e-05
Investigator-Relationship,0.006199394114202228,0.00039999998989515007,1.6096646504593082e-05
Investigator-Considerable,0.0,-0.0020000000949949026,1.583863195264712e-05
Investigator-Investigator,3.3440441843062882,0.00039999998989515007,0.0
Investigator-Intimidating,0.054008639168833916,0.0007999999797903001,1.9985851395176724e-05
Investigator-Registration,0.06609507551186056,0.0015999999595806003,1.78839654836338e-05
Investigator-Sophisticate,0.0,-0.00279999990016222,1.788796180335339e-05
Investigator-Subscription,0.06609507551186056,0.0015999999595806003,1.78839654836338e-05
Investigator-Independence,0.10953010580151634,-0.00039999998989515007,1.7747830497683026e-05
Investigator-Satisfaction,0.06609507551186056,0.0015999999595806003,1.78839654836338e-05
Investigator-Intelligence,0.10953010580151634,-0.00039999998989515007,1.7747830497683026e-05
Investigator-Requirements,0.0,0.0007999999797903001,1.7241087334696203e-05
Investigator-Contribution,0.07167863368956784,0.002400000113993883,1.783489642548375e-05
Intimidating-Accomplished,0.0,0.00559999980032444,1.7139675037469715e-05
Intimidating-Embarrassing,3.344044184306288,0.0015999999595806003,0.0
Intimidating-Perseverance,0.0,-0.0007999999797903001,2.0500257960520685e-05
Intimidating-Significance,0.025259454180258878,-0.00559999980032444,1.7984211808652617e-05
Intimidating-Hypothetical,0.02849989646376372,-0.004000000189989805,2.174853580072522e-05
Intimidating-Respectively,0.04562530412492105,0.0007999999797903001,1.6272389984806068e-05
Intimidating-Entrepreneur,0.0,0.004800000227987766,1.5770618119859137e-05
Intimidating-Irrespective,0.0,-0.004000000189989805,1.4694415767735336e-05
Intimidating-Disappointed,0.0,0.00559999980032444,1.7139675037469715e-05
Intimidating-Professional,0.02849989646376372,-0.004000000189989805,2.174853580072522e-05
Intimidating-Circumstance,0.025259454180258878,-0.00559999980032444,1.7984211808652617e-05
Intimidating-Immaculately,0.04562530412492105,0.0007999999797903001,1.6272389984806068e-05
Intimidating-Confidential,0.02849989646376372,-0.004000000189989805,2.174853580072522e-05
Intimidating-Unbelievable,0.0,0.0031999999191612005,1.1973144864896312e-05
Intimidating-Illustration,0.043647191351310344,0.0031999999191612005,1.9915252778446302e-05
Intimidating-Satisfactory,0.04562530412492105,0.0007999999797903001,1.6272389984806068e-05
Intimidating-Disadvantage,0.025259454180258878,-0.00559999980032444,1.7984211808652617e-05
Intimidating-Organization,0.0,0.004000000189989805,1.4822047887719236e-05
Intimidating-Psychologist,0.0954608990223802,0.004800000227987766,1.826647530833725e-05
Intimidating-Entertaining,3.3440441843062887,0.0015999999595806003,0.0
Intimidating-Refrigerator,0.0,0.004000000189989805,1.4822047887719236e-05
Intimidating-Sanitization,0.0,0.004000000189989805,1.4822047887719236e-05
Intimidating-Relationship,0.08564563864646324,0.0007999999797903001,2.0583520381478593e-05
Intimidating-Considerable,0.02849989646376372,-0.004000000189989805,2.174853580072522e-05
Intimidating-Investigator,0.054008639168833916,0.0007999999797903001,1.9985851395176724e-05
Intimidating-Intimidating,3.3440441843062882,0.0015999999595806003,0.0
Intimidating-Registration,0.043647191351310344,0.0031999999191612005,1.9915252778446302e-05
Intimidating-Sophisticate,0.025259454180258878,-0.00559999980032444,1.7984211808652617e-05
Intimidating-Subscription,0.043647191351310344,0.0031999999191612005,1.9915252778446302e-05
Intimidating-Independence,0.0,-0.0007999999797903001,2.0500257960520685e-05
Intimidating-Satisfaction,0.043647191351310344,0.0031999999191612005,1.9915252778446302e-05
Intimidating-Intelligence,0.0,-0.0007999999797903001,2.0500257960520685e-05
Intimidating-Requirements,0.10989912482021147,0.0015999999595806003,1.93692249013111e-05
Intimidating-Contribution,0.0,0.004800000227987766,1.5770618119859137e-05
Registration-Accomplished,5.387368063436426e-05,0.01119999960064888,1.8069904399453662e-05
Registration-Embarrassing,0.043647191351310344,0.0031999999191612005,1.9915252778446302e-05
Registration-Perseverance,0.04004805181708315,-0.0015999999595806003,1.731384327285923e-05
Registration-Significance,0.020971314641694327,-0.01119999960064888,1.5707950296928175e-05
Registration-Hypothetical,0.0,-0.00800000037997961,1.5194827028608415e-05
Registration-Respectively,0.0699417592108551,0.0015999999595806003,1.8322154573979788e-05
Registration-Entrepreneur,0.03626405335563909,0.009600000455975533,1.6958836567937396e-05
Registration-Irrespective,0.0,-0.00800000037997961,1.6839134332258254e-05
Registration-Disappointed,5.387368063436426e-05,0.01119999960064888,1.8069904399453662e-05
Registration-Professional,0.0,-0.00800000037997961,1.5194827028608415e-05
Registration-Circumstance,0.020971314641694327,-0.01119999960064888,1.5707950296928175e-05
Registration-Immaculately,0.0699417592108551,0.0015999999595806003,1.8322154573979788e-05
Registration-Confidential,0.0,-0.00800000037997961,1.5194827028608415e-05
Registration-Unbelievable,0.028326772150194746,0.006399999838322401,1.977988358703442e-05
Registration-Illustration,3.344044184306288,0.006399999838322401,0.0
Registration-Satisfactory,0.0699417592108551,0.0015999999595806003,1.8322154573979788e-05
Registration-Disadvantage,0.020971314641694327,-0.01119999960064888,1.5707950296928175e-05
Registration-Organization,0.0,0.00800000037997961,1.8476262994227e-05
Registration-Psychologist,0.0,0.009600000455975533,1.5983119737938978e-05
Registration-Entertaining,0.043647191351310344,0.0031999999191612005,1.9915252778446302e-05
Registration-Refrigerator,0.0,0.00800000037997961,1.8476262994227e-05
Registration-Sanitization,0.0,0.00800000037997961,1.8476262994227e-05
Registration-Relationship,0.018500989599878004,0.0015999999595806003,1.8589831597637385e-05
Registration-Considerable,0.0,-0.00800000037997961,1.5194827028608415e-05
Registration-Investigator,0.06609507551186056,0.0015999999595806003,1.78839654836338e-05
Registration-Intimidating,0.043647191351310344,0.0031999999191612005,1.9915252778446302e-05
Registration-Registration,3.3440441843062882,0.006399999838322401,0.0
Registration-Sophisticate,0.020971314641694327,-0.01119999960064888,1.5707950296928175e-05
Registration-Subscription,3.344044184306288,0.006399999838322401,0.0
Registration-Independence,0.04004805181708315,-0.0015999999595806003,1.731384327285923e-05
Registration-Satisfaction,3.3440441843062887,0.006399999838322401,0.0
Registration-Intelligence,0.04004805181708315,-0.0015999999595806003,1.731384327285923e-05
Registration-Requirements,0.028522507192381585,0.0031999999191612005,1.8317254216526635e-05
Registration-Contribution,0.03626405335563909,0.009600000455975533,1.6958836567937396e-05
Sophisticate-Accomplished,0.0,-0.019600000232458115,1.82777366717346e-05
Sophisticate-Embarrassing,0.025259454180258878,-0.00559999980032444,1.7984211808652617e-05
Sophisticate-Perseverance,0.0,0.00279999990016222,1.7479345842730254e-05
Sophisticate-Significance,3.344044184306288,0.019600000232458115,0.0
Sophisticate-Hypothetical,0.0,0.014000000432133675,1.5792056728969328e-05
Sophisticate-Respectively,0.08737214645175184,-0.00279999990016222,1.5642550351913087e-05
Sophisticate-Entrepreneur,0.14498641937066648,-0.01679999940097332,1.694029378995765e-05
Sophisticate-Irrespective,0.008730944077850467,0.014000000432133675,1.4171313523547724e-05
Sophisticate-Disappointed,0.0,-0.019600000232458115,1.82777366717346e-05
Sophisticate-Professional,0.0,0.014000000432133675,1.5792056728969328e-05
Sophisticate-Circumstance,3.344044184306288,0.019600000232458115,0.0
Sophisticate-Immaculately,0.08737214645175184,-0.00279999990016222,1.5642550351913087e-05
Sophisticate-Confidential,0.0,0.014000000432133675,1.5792056728969328e-05
Sophisticate-Unbelievable,0.0,-0.01119999960064888,1.7456637579016387e-05
Sophisticate-Illustration,0.020971314641694327,-0.01119999960064888,1.5707950296928175e-05
Sophisticate-Satisfactory,0.08737214645175184,-0.00279999990016222,1.5642550351913087e-05
Sophisticate-Disadvantage,3.344044184306288,0.019600000232458115,0.0
Sophisticate-Organization,0.0,-0.014000000432133675,1.8423716028337367e-05
Sophisticate-Psychologist,0.0052503326360442415,-0.01679999940097332,1.7717544324113987e-05
Sophisticate-Entertaining,0.025259454180258878,-0.00559999980032444,1.7984211808652617e-05
Sophisticate-Refrigerator,0.0,-0.014000000432133675,1.8423716028337367e-05
Sophisticate-Sanitization,0.0,-0.014000000432133675,1.8423716028337367e-05
Sophisticate-Relationship,0.0,-0.00279999990016222,1.9501778297126293e-05
Sophisticate-Considerable,0.0,0.014000000432133675,1.5792056728969328e-05
Sophisticate-Investigator,0.0,-0.00279999990016222,1.788796180335339e-05
Sophisticate-Intimidating,0.025259454180258878,-0.00559999980032444,1.7984211808652617e-05
Sophisticate-Registration,0.020971314641694327,-0.01119999960064888,1.5707950296928175e-05
Sophisticate-Sophisticate,3.344044184306288,0.019600000232458115,0.0
Sophisticate-Subscription,0.020971314641694327,-0.01119999960064888,1.5707950296928175e-05
Sophisticate-Independence,0.0,0.00279999990016222,1.7479345842730254e-05
Sophisticate-Satisfaction,0.020971314641694327,-0.01119999960064888,1.5707950296928175e-05
Sophisticate-Intelligence,0.0,0.00279999990016222,1.7479345842730254e-05
Sophisticate-Requirements,0.0700452485208869,-0.00559999980032444,1.935162435984239e-05
Sophisticate-Contribution,0.14498641937066648,-0.01679999940097332,1.694029378995765e-05
Subscription-Accomplished,5.387368063436426e-05,0.01119999960064888,1.8069904399453662e-05
Subscription-Embarrassing,0.043647191351310344,0.0031999999191612005,1.9915252778446302e-05
Subscription-Perseverance,0.04004805181708315,-0.0015999999595806003,1.731384327285923e-05
Subscription-Significance,0.020971314641694327,-0.01119999960064888,1.5707950296928175e-05
Subscription-Hypothetical,0.0,-0.00800000037997961,1.5194827028608415e-05
Subscription-Respectively,0.0699417592108551,0.0015999999595806003,1.8322154573979788e-05
Subscription-Entrepreneur,0.03626405335563909,0.009600000455975533,1.6958836567937396e-05
Subscription-Irrespective,0.0,-0.00800000037997961,1.6839134332258254e-05
Subscription-Disappointed,5.387368063436426e-05,0.01119999960064888,1.8069904399453662e-05
Subscription-Professional,0.0,-0.00800000037997961,1.5194827028608415e-05
Subscription-Circumstance,0.020971314641694327,-0.01119999960064888,1.5707950296928175e-05
Subscription-Immaculately,0.0699417592108551,0.0015999999595806003,1.8322154573979788e-05
Subscription-Confidential,0.0,-0.00800000037997961,1.5194827028608415e-05
Subscription-Unbelievable,0.028326772150194746,0.006399999838322401,1.977988358703442e-05
Subscription-Illustration,3.3440441843062882,0.006399999838322401,0.0
Subscription-Satisfactory,0.0699417592108551,0.0015999999595806003,1.8322154573979788e-05
Subscription-Disadvantage,0.020971314641694327,-0.01119999960064888,1.5707950296928175e-05
Subscription-Organization,0.0,0.00800000037997961,1.8476262994227e-05
Subscription-Psychologist,0.0,0.009600000455975533,1.5983119737938978e-05
Subscription-Entertaining,0.043647191351310344,0.0031999999191612005,1.9915252778446302e-05
Subscription-Refrigerator,0.0,0.00800000037997961,1.8476262994227e-05
Subscription-Sanitization,0.0,0.00800000037997961,1.8476262994227e-05
Subscription-Relationship,0.018500989599878004,0.0015999999595806003,1.8589831597637385e-05
Subscription-Considerable,0.0,-0.00800000037997961,1.5194827028608415e-05
Subscription-Investigator,0.06609507551186056,0.0015999999595806003,1.78839654836338e-05
Subscription-Intimidating,0.043647191351310344,0.0031999999191612005,1.9915252778446302e-05
Subscription-Registration,3.3440441843062887,0.006399999838322401,0.0
Subscription-Sophisticate,0.020971314641694327,-0.01119999960064888,1.5707950296928175e-05
Subscription-Subscription,3.344044184306288,0.006399999838322401,0.0
Subscription-Independence,0.04004805181708315,-0.0015999999595806003,1.731384327285923e-05
Subscription-Satisfaction,3.3440441843062882,0.006399999838322401,0.0
Subscription-Intelligence,0.04004805181708315,-0.0015999999595806003,1.731384327285923e-05
Subscription-Requirements,0.028522507192381585,0.0031999999191612005,1.8317254216526635e-05
Subscription-Contribution,0.03626405335563909,0.009600000455975533,1.6958836567937396e-05
Independence-Accomplished,0.023127362427128872,-0.00279999990016222,1.9447303202468902e-05
Independence-Embarrassing,0.0,-0.0007999999797903001,2.0500257960520685e-05
Independence-Perseverance,3.344044184306288,0.00039999998989515007,0.0
Independence-Significance,0.0,0.00279999990016222,1.7479345842730254e-05
Independence-Hypothetical,0.04695757412909041,0.0020000000949949026,2.0960886104148813e-05
Independence-Respectively,0.08933629072847182,-0.00039999998989515007,1.6992195014609024e-05
Independence-Entrepreneur,0.0,-0.002400000113993883,1.7226579075213522e-05
Independence-Irrespective,0.0,0.0020000000949949026,2.0624926037271507e-05
Independence-Disappointed,0.023127362427128872,-0.00279999990016222,1.9447303202468902e-05
Independence-Professional,0.04695757412909041,0.0020000000949949026,2.0960886104148813e-05
Independence-Circumstance,0.0,0.00279999990016222,1.7479345842730254e-05
Independence-Immaculately,0.08933629072847182,-0.00039999998989515007,1.6992195014609024e-05
Independence-Confidential,0.04695757412909041,0.0020000000949949026,2.0960886104148813e-05
Independence-Unbelievable,0.058672977431088125,-0.0015999999595806003,1.8571230611996725e-05
Independence-Illustration,0.04004805181708315,-0.0015999999595806003,1.731384327285923e-05
Independence-Satisfactory,0.08933629072847182,-0.00039999998989515007,1.6992195014609024e-05
Independence-Disadvantage,0.0,0.00279999990016222,1.7479345842730254e-05
Independence-Organization,0.0,-0.0020000000949949026,1.789912857930176e-05
Independence-Psychologist,0.0,-0.002400000113993883,1.8680970242712647e-05
Independence-Entertaining,0.0,-0.0007999999797903001,2.0500257960520685e-05
Independence-Refrigerator,0.0,-0.0020000000949949026,1.789912857930176e-05
Independence-Sanitization,0.0,-0.0020000000949949026,1.789912857930176e-05
Independence-Relationship,0.0,-0.00039999998989515007,1.861126656876877e-05
Independence-Considerable,0.04695757412909041,0.0020000000949949026,2.0960886104148813e-05
Independence-Investigator,0.10953010580151634,-0.00039999998989515007,1.7747830497683026e-05
Independence-Intimidating,0.0,-0.0007999999797903001,2.0500257960520685e-05
Independence-Registration,0.04004805181708315,-0.0015999999595806003,1.731384327285923e-05
Independence-Sophisticate,0.0,0.00279999990016222,1.7479345842730254e-05
Independence-Subscription,0.04004805181708315,-0.0015999999595806003,1.731384327285923e-05
Independence-Independence,3.3440441843062887,0.00039999998989515007,0.0
Independence-Satisfaction,0.04004805181708315,-0.0015999999595806003,1.731384327285923e-05
Independence-Intelligence,3.3440441843062887,0.00039999998989515007,0.0
Independence-Requirements,0.0,-0.0007999999797903001,1.9664321371237747e-05
Independence-Contribution,0.0,-0.002400000113993883,1.7226579075213522e-05
Satisfaction-Accomplished,5.387368063436426e-05,0.01119999960064888,1.8069904399453662e-05
Satisfaction-Embarrassing,0.043647191351310344,0.0031999999191612005,1.9915252778446302e-05
Satisfaction-Perseverance,0.04004805181708315,-0.0015999999595806003,1.731384327285923e-05
Satisfaction-Significance,0.020971314641694327,-0.01119999960064888,1.5707950296928175e-05
Satisfaction-Hypothetical,0.0,-0.00800000037997961,1.5194827028608415e-05
Satisfaction-Respectively,0.0699417592108551,0.0015999999595806003,1.8322154573979788e-05
Satisfaction-Entrepreneur,0.03626405335563909,0.009600000455975533,1.6958836567937396e-05
Satisfaction-Irrespective,0.0,-0.00800000037997961,1.6839134332258254e-05
Satisfaction-Disappointed,5.387368063436426e-05,0.01119999960064888,1.8069904399453662e-05
Satisfaction-Professional,0.0,-0.00800000037997961,1.5194827028608415e-05
Satisfaction-Circumstance,0.020971314641694327,-0.01119999960064888,1.5707950296928175e-05
Satisfaction-Immaculately,0.0699417592108551,0.0015999999595806003,1.8322154573979788e-05
Satisfaction-Confidential,0.0,-0.00800000037997961,1.5194827028608415e-05
Satisfaction-Unbelievable,0.028326772150194746,0.006399999838322401,1.977988358703442e-05
Satisfaction-Illustration,3.3440441843062882,0.006399999838322401,0.0
Satisfaction-Satisfactory,0.0699417592108551,0.0015999999595806003,1.8322154573979788e-05
Satisfaction-Disadvantage,0.020971314641694327,-0.01119999960064888,1.5707950296928175e-05
Satisfaction-Organization,0.0,0.00800000037997961,1.8476262994227e-05
Satisfaction-Psychologist,0.0,0.009600000455975533,1.5983119737938978e-05
Satisfaction-Entertaining,0.043647191351310344,0.0031999999191612005,1.9915252778446302e-05
Satisfaction-Refrigerator,0.0,0.00800000037997961,1.8476262994227e-05
Satisfaction-Sanitization,0.0,0.00800000037997961,1.8476262994227e-05
Satisfaction-Relationship,0.018500989599878004,0.0015999999595806003,1.8589831597637385e-05
Satisfaction-Considerable,0.0,-0.00800000037997961,1.5194827028608415e-05
Satisfaction-Investigator,0.06609507551186056,0.0015999999595806003,1.78839654836338e-05
Satisfaction-Intimidating,0.043647191351310344,0.0031999999191612005,1.9915252778446302e-05
Satisfaction-Registration,3.3440441843062887,0.006399999838322401,0.0
Satisfaction-Sophisticate,0.020971314641694327,-0.01119999960064888,1.5707950296928175e-05
Satisfaction-Subscription,3.344044184306288,0.006399999838322401,0.0
Satisfaction-Independence,0.04004805181708315,-0.0015999999595806003,1.731384327285923e-05
Satisfaction-Satisfaction,3.344044184306288,0.006399999838322401,0.0
Satisfaction-Intelligence,0.04004805181708315,-0.0015999999595806003,1.731384327285923e-05
Satisfaction-Requirements,0.028522507192381585,0.0031999999191612005,1.8317254216526635e-05
Satisfaction-Contribution,0.03626405335563909,0.009600000455975533,1.6958836567937396e-05
Intelligence-Accomplished,0.023127362427128872,-0.00279999990016222,1.9447303202468902e-05
Intelligence-Embarrassing,0.0,-0.0007999999797903001,2.0500257960520685e-05
Intelligence-Perseverance,3.344044184306288,0.00039999998989515007,0.0
Intelligence-Significance,0.0,0.00279999990016222,1.7479345842730254e-05
Intelligence-Hypothetical,0.04695757412909041,0.0020000000949949026,2.0960886104148813e-05
Intelligence-Respectively,0.08933629072847182,-0.00039999998989515007,1.6992195014609024e-05
Intelligence-Entrepreneur,0.0,-0.002400000113993883,1.7226579075213522e-05
Intelligence-Irrespective,0.0,0.0020000000949949026,2.0624926037271507e-05
Intelligence-Disappointed,0.023127362427128872,-0.00279999990016222,1.9447303202468902e-05
Intelligence-Professional,0.04695757412909041,0.0020000000949949026,2.0960886104148813e-05
Intelligence-Circumstance,0.0,0.00279999990016222,1.7479345842730254e-05
Intelligence-Immaculately,0.08933629072847182,-0.00039999998989515007,1.6992195014609024e-05
Intelligence-Confidential,0.04695757412909041,0.0020000000949949026,2.0960886104148813e-05
Intelligence-Unbelievable,0.058672977431088125,-0.0015999999595806003,1.8571230611996725e-05
Intelligence-Illustration,0.04004805181708315,-0.0015999999595806003,1.731384327285923e-05
Intelligence-Satisfactory,0.08933629072847182,-0.00039999998989515007,1.6992195014609024e-05
Intelligence-Disadvantage,0.0,0.00279999990016222,1.7479345842730254e-05
Intelligence-Organization,0.0,-0.0020000000949949026,1.789912857930176e-05
Intelligence-Psychologist,0.0,-0.002400000113993883,1.8680970242712647e-05
Intelligence-Entertaining,0.0,-0.0007999999797903001,2.0500257960520685e-05
Intelligence-Refrigerator,0.0,-0.0020000000949949026,1.789912857930176e-05
Intelligence-Sanitization,0.0,-0.0020000000949949026,1.789912857930176e-05
Intelligence-Relationship,0.0,-0.00039999998989515007,1.861126656876877e-05
Intelligence-Considerable,0.04695757412909041,0.0020000000949949026,2.0960886104148813e-05
Intelligence-Investigator,0.10953010580151634,-0.00039999998989515007,1.7747830497683026e-05
Intelligence-Intimidating,0.0,-0.0007999999797903001,2.0500257960520685e-05
Intelligence-Registration,0.04004805181708315,-0.0015999999595806003,1.731384327285923e-05
Intelligence-Sophisticate,0.0,0.00279999990016222,1.7479345842730254e-05
Intelligence-Subscription,0.04004805181708315,-0.0015999999595806003,1.731384327285923e-05
Intelligence-Independence,3.344044184306288,0.00039999998989515007,0.0
Intelligence-Satisfaction,0.04004805181708315,-0.0015999999595806003,1.731384327285923e-05
Intelligence-Intelligence,3.344044184306288,0.00039999998989515007,0.0
Intelligence-Requirements,0.0,-0.0007999999797903001,1.9664321371237747e-05
Intelligence-Contribution,0.0,-0.002400000113993883,1.7226579075213522e-05
Requirements-Accomplished,0.06883774906032025,0.00559999980032444,1.9362772945896722e-05
Requirements-Embarrassing,0.10989912482021147,0.0015999999595806003,1.93692249013111e-05
Requirements-Perseverance,0.0,-0.0007999999797903001,1.9664321371237747e-05
Requirements-Significance,0.0700452485208869,-0.00559999980032444,1.935162435984239e-05
Requirements-Hypothetical,0.07386229437569547,-0.004000000189989805,1.896536923595704e-05
Requirements-Respectively,0.0,0.0007999999797903001,1.758599501044955e-05
Requirements-Entrepreneur,0.023918368049406613,0.004800000227987766,1.926855111378245e-05
Requirements-Irrespective,0.1386516666800497,-0.004000000189989805,1.9315080862725154e-05
Requirements-Disappointed,0.06883774906032025,0.00559999980032444,1.9362772945896722e-05
Requirements-Professional,0.07386229437569547,-0.004000000189989805,1.896536923595704e-05
Requirements-Circumstance,0.0700452485208869,-0.00559999980032444,1.935162435984239e-05
Requirements-Immaculately,0.0,0.0007999999797903001,1.758599501044955e-05
Requirements-Confidential,0.07386229437569547,-0.004000000189989805,1.896536923595704e-05
Requirements-Unbelievable,0.0,0.0031999999191612005,1.641698145249393e-05
Requirements-Illustration,0.028522507192381585,0.0031999999191612005,1.8317254216526635e-05
Requirements-Satisfactory,0.0,0.0007999999797903001,1.758599501044955e-05
Requirements-Disadvantage,0.0700452485208869,-0.00559999980032444,1.935162435984239e-05
Requirements-Organization,0.018638639008584423,0.004000000189989805,1.7678459698799998e-05
Requirements-Psychologist,0.0875786065471873,0.004800000227987766,1.5566394722554833e-05
Requirements-Entertaining,0.10989912482021147,0.0015999999595806003,1.93692249013111e-05
Requirements-Refrigerator,0.018638639008584423,0.004000000189989805,1.7678459698799998e-05
Requirements-Sanitization,0.018638639008584423,0.004000000189989805,1.7678459698799998e-05
Requirements-Relationship,0.010576130020154562,0.0007999999797903001,1.5175324733718298e-05
Requirements-Considerable,0.07386229437569547,-0.004000000189989805,1.896536923595704e-05
Requirements-Investigator,0.0,0.0007999999797903001,1.7241087334696203e-05
Requirements-Intimidating,0.10989912482021147,0.0015999999595806003,1.93692249013111e-05
Requirements-Registration,0.028522507192381585,0.0031999999191612005,1.8317254216526635e-05
Requirements-Sophisticate,0.0700452485208869,-0.00559999980032444,1.935162435984239e-05
Requirements-Subscription,0.028522507192381585,0.0031999999191612005,1.8317254216526635e-05
Requirements-Independence,0.0,-0.0007999999797903001,1.9664321371237747e-05
Requirements-Satisfaction,0.028522507192381585,0.0031999999191612005,1.8317254216526635e-05
Requirements-Intelligence,0.0,-0.0007999999797903001,1.9664321371237747e-05
Requirements-Requirements,3.3440441843062887,0.0015999999595806003,0.0
Requirements-Contribution,0.023918368049406613,0.004800000227987766,1.926855111378245e-05
Contribution-Accomplished,0.07839442944174024,0.01679999940097332,1.7175589164253324e-05
Contribution-Embarrassing,0.0,0.004800000227987766,1.5770618119859137e-05
Contribution-Perseverance,0.0,-0.002400000113993883,1.7226579075213522e-05
Contribution-Significance,0.14498641937066648,-0.01679999940097332,1.694029378995765e-05
Contribution-Hypothetical,0.0,-0.012000000104308128,1.8078586435876787e-05
Contribution-Respectively,0.07647323922083338,0.002400000113993883,1.632055500522256e-05
Contribution-Entrepreneur,3.3440441843062887,0.014399999752640724,0.0
Contribution-Irrespective,0.002183531402178307,-0.012000000104308128,1.5778676242916845e-05
Contribution-Disappointed,0.07839442944174024,0.01679999940097332,1.7175589164253324e-05
Contribution-Professional,0.0,-0.012000000104308128,1.8078586435876787e-05
Contribution-Circumstance,0.14498641937066648,-0.01679999940097332,1.694029378995765e-05
Contribution-Immaculately,0.07647323922083338,0.002400000113993883,1.632055500522256e-05
Contribution-Confidential,0.0,-0.012000000104308128,1.8078586435876787e-05
Contribution-Unbelievable,0.06891768852957325,0.009600000455975533,1.589671228430234e-05
Contribution-Illustration,0.03626405335563909,0.009600000455975533,1.6958836567937396e-05
Contribution-Satisfactory,0.07647323922083338,0.002400000113993883,1.632055500522256e-05
Contribution-Disadvantage,0.14498641937066648,-0.01679999940097332,1.694029378995765e-05
Contribution-Organization,0.0,0.012000000104308128,1.870696542027872e-05
Contribution-Psychologist,0.0,0.014399999752640724,1.597913433215581e-05
Contribution-Entertaining,0.0,0.004800000227987766,1.5770618119859137e-05
Contribution-Refrigerator,0.0,0.012000000104308128,1.870696542027872e-05
Contribution-Sanitization,0.0,0.012000000104308128,1.870696542027872e-05
Contribution-Relationship,0.04265512125064985,0.002400000113993883,1.9498720575938933e-05
Contribution-Considerable,0.0,-0.012000000104308128,1.8078586435876787e-05
Contribution-Investigator,0.07167863368956784,0.002400000113993883,1.783489642548375e-05
Contribution-Intimidating,0.0,0.004800000227987766,1.5770618119859137e-05
Contribution-Registration,0.03626405335563909,0.009600000455975533,1.6958836567937396e-05
Contribution-Sophisticate,0.14498641937066648,-0.01679999940097332,1.694029378995765e-05
Contribution-Subscription,0.03626405335563909,0.009600000455975533,1.6958836567937396e-05
Contribution-Independence,0.0,-0.002400000113993883,1.7226579075213522e-05
Contribution-Satisfaction,0.03626405335563909,0.009600000455975533,1.6958836567937396e-05
Contribution-Intelligence,0.0,-0.002400000113993883,1.7226579075213522e-05
Contribution-Requirements,0.023918368049406613,0.004800000227987766,1.926855111378245e-05
Contribution-Contribution,3.3440441843062882,0.014399999752640724,0.0
